Player,Team,PTS.G,CareerYear_index,poscomp_rookie,poscomp_soph,CareerYear_c,Season_c,AST.G_c,MP.G_c,TS_c,USG_c,Team_Pace_c,poscomp_rookie_c,poscomp_soph_c,Pos
John Wall,WAS,16.4,1,1,0,-1.40756461,-1.996028587,2.920314205,1.627991776,-1.009964555,0.471799112,-0.84137807,-1.267341261,-0.929047312,PG
John Wall,WAS,16.3,2,1,0,-0.68111447,-1.707822786,2.771154996,1.414033841,-0.853169597,0.659692362,-1.20414056,-1.267341261,-0.929047312,PG
John Wall,WAS,18.5,3,1,0,0.04533567,-1.419616985,2.572276051,0.94600086,-0.48078157,1.467633335,-1.315759787,-1.267341261,-0.929047312,PG
John Wall,WAS,19.3,4,1,0,0.77178581,-1.131411184,3.168912887,1.427406212,-0.42198346,1.110636161,-1.021209048,-1.267341261,-0.929047312,PG
John Wall,WAS,17.6,5,1,0,1.49823595,-0.843205383,3.765549724,1.373916729,-0.44158283,0.847585611,-0.987103173,-1.267341261,-0.929047312,PG
Evan Turner,PHI,7.2,1,2,1,-1.40756461,-1.996028587,-0.212029188,-0.351119118,-1.205958254,-0.82466431,-1.455283821,-1.267341261,-0.929047312,SG
Evan Turner,PHI,9.4,2,2,1,-0.68111447,-1.707822786,0.185728703,0.103541493,-1.323554473,-0.204616586,-2.106395981,-1.267341261,-0.929047312,SF
Evan Turner,PHI,13.3,3,2,1,0.04533567,-1.419616985,0.931524749,1.293682503,-1.323554473,0.020855313,-1.73433189,-1.267341261,-0.929047312,SF
Evan Turner,PHI,17.4,4,2,1,0.77178581,-1.131411184,0.633206331,1.24019302,-0.931567076,0.396641812,0.702687909,-1.267341261,-0.929047312,SF
Evan Turner,IND,7.1,4,2,1,0.77178581,-1.131411184,-0.013150242,-0.605194165,-0.931567076,0.396641812,-1.421177946,-1.267341261,-0.929047312,SF
Evan Turner,BOS,9.5,5,2,1,1.49823595,-0.843205383,1.528161586,0.264009944,-1.245156993,-0.279773886,-0.236773922,-1.267341261,-0.929047312,SG
Wesley Johnson,MIN,9,1,0,2,-1.40756461,-1.996028587,-0.261748924,0.076796751,-1.068762665,-0.805874985,0.005067738,0.441918596,-0.929047312,SG
Wesley Johnson,MIN,6,2,0,2,-0.68111447,-1.707822786,-0.758946288,-0.404608601,-1.343153843,-1.256818784,-0.940595161,0.441918596,-0.929047312,SF
Wesley Johnson,PHO,8,3,0,2,0.04533567,-1.419616985,-0.858385761,-0.872641583,-1.186358884,-0.035512662,-0.928193025,0.441918596,-0.929047312,SF
Wesley Johnson,LAL,9.1,4,0,2,0.77178581,-1.131411184,-0.410908134,0.370988911,-0.4611822,-1.106504184,0.696486841,0.441918596,-0.929047312,SF
Wesley Johnson,LAL,9.9,5,0,2,1.49823595,-0.843205383,-0.410908134,0.518084991,-0.715974008,-0.881032285,-0.75766365,0.441918596,-0.929047312,SF
DeMarcus Cousins,SAC,14.1,1,1,0,-1.40756461,-1.996028587,0.036569494,0.384361282,-1.205958254,1.167004136,-0.531324661,-0.412711333,-0.929047312,C
DeMarcus Cousins,SAC,18.1,2,1,0,-0.68111447,-1.707822786,-0.410908134,0.6518087,-0.911967706,1.467633335,-0.593335343,-0.412711333,-0.929047312,C
DeMarcus Cousins,SAC,17.1,3,1,0,0.04533567,-1.419616985,0.136008967,0.6518087,-0.42198346,1.317318735,-0.875483945,-0.412711333,-0.929047312,C
DeMarcus Cousins,SAC,22.7,4,1,0,0.77178581,-1.131411184,0.23544844,0.905883747,0.185597004,2.162838359,-0.754563116,-0.412711333,-0.929047312,C
DeMarcus Cousins,SAC,24.1,5,1,0,1.49823595,-0.843205383,0.583486594,1.133214052,-0.010396694,2.369520933,-0.407303297,-0.412711333,-0.929047312,C
Greg Monroe,DET,9.4,1,1,0,-1.40756461,-1.996028587,-0.560067343,0.290754686,0.577584401,-1.031346885,-2.382343516,-1.267341261,-0.929047312,C
Greg Monroe,DET,15.4,2,1,0,-0.68111447,-1.707822786,-0.062869979,0.785532409,0.342391963,0.453009787,-2.221115743,-1.267341261,-0.929047312,C
Greg Monroe,DET,16,3,1,0,0.04533567,-1.419616985,0.533766858,1.012862714,-0.363185351,0.678481687,-1.796342572,-1.267341261,-0.929047312,C
Greg Monroe,DET,15.2,4,1,0,0.77178581,-1.131411184,-0.162309452,0.959373231,-0.284787872,0.058433963,-0.590234809,-1.267341261,-0.929047312,PF
Greg Monroe,DET,15.9,5,1,0,1.49823595,-0.843205383,-0.162309452,0.718670554,0.068000785,0.490588437,-1.176235753,-1.267341261,-0.929047312,PF
Gordon Hayward,UTA,5.4,1,2,1,-1.40756461,-1.996028587,-0.659506816,-1.166833743,0.636382511,-1.106504184,-1.687823879,1.296548525,-0.099804817,SF
Gordon Hayward,UTA,11.8,2,2,1,-0.68111447,-1.707822786,0.334887912,0.6518087,0.440388812,-0.617981736,-1.532797174,1.296548525,-0.099804817,SF
Gordon Hayward,UTA,14.1,3,2,1,0.04533567,-1.419616985,0.285168176,0.477967878,0.361991333,0.058433963,-1.68162281,1.296548525,-0.099804817,SF
Gordon Hayward,UTA,16.2,4,2,1,0.77178581,-1.131411184,1.379002377,1.440778583,-0.50038094,0.359063162,-1.59790839,1.296548525,-0.099804817,SF
Gordon Hayward,UTA,19.3,5,2,1,1.49823595,-0.843205383,0.832085277,1.173331165,0.420789442,0.922742911,-1.976173549,1.296548525,-0.099804817,SF
Paul George,IND,7.8,1,2,0,-1.40756461,-1.996028587,-0.659506816,-0.658683648,-0.069194803,-0.67434971,-0.611938547,2.151178454,-0.929047312,SG
Paul George,IND,12.1,2,2,0,-0.68111447,-1.707822786,-0.013150242,0.544829733,0.185597004,-0.317352536,-1.796342572,2.151178454,-0.929047312,SG
Paul George,IND,17.4,3,2,0,0.04533567,-1.419616985,0.832085277,1.601247034,-0.284787872,0.434220462,-2.038184231,2.151178454,-0.929047312,SF
Paul George,IND,21.7,4,2,0,0.77178581,-1.131411184,0.533766858,1.414033841,0.185597004,1.317318735,-1.421177946,2.151178454,-0.929047312,SF
Cole Aldrich,OKC,1,1,4,2,-1.40756461,-1.996028587,-1.106984443,-2.370347124,-0.167191653,-2.421756932,-1.126627207,1.296548525,0.729437677,C
Cole Aldrich,OKC,2.2,2,4,2,-0.68111447,-1.707822786,-1.15670418,-2.530815574,0.910773688,-1.106504184,-1.042912787,1.296548525,0.729437677,C
Cole Aldrich,HOU,1.7,3,4,2,0.04533567,-1.419616985,-1.106984443,-2.477326091,0.342391963,-1.632605283,-0.180964308,1.296548525,0.729437677,C
Cole Aldrich,SAC,3.3,3,4,2,0.04533567,-1.419616985,-1.106984443,-1.862197029,0.342391963,-1.632605283,-0.875483945,1.296548525,0.729437677,C
Cole Aldrich,NYK,2,4,4,2,0.77178581,-1.131411184,-1.057264707,-2.46395372,1.459556043,-1.576237309,-1.932766072,1.296548525,0.729437677,C
Cole Aldrich,NYK,5.5,5,4,2,1.49823595,-0.843205383,-0.609787079,-1.287185081,-0.637576529,-0.561613761,-1.678522276,1.296548525,0.729437677,C
Ed Davis,TOR,7.7,1,2,1,-1.40756461,-1.996028587,-0.908105498,-0.137161183,0.73437936,-1.444712034,-1.145230412,1.296548525,-0.099804817,PF
Ed Davis,TOR,6.3,2,2,1,-0.68111447,-1.707822786,-0.758946288,-0.324374376,-0.029996064,-1.407133384,-2.258322152,1.296548525,-0.099804817,PF
Ed Davis,TOR,9.7,3,2,1,0.04533567,-1.419616985,-0.609787079,-0.190650667,0.303193223,-0.617981736,-1.926565004,1.296548525,-0.099804817,C
Ed Davis,MEM,5.1,3,2,1,0.04533567,-1.419616985,-1.106984443,-1.407536419,0.303193223,-0.617981736,-2.4536558,1.296548525,-0.099804817,PF
Ed Davis,MEM,5.7,4,2,1,0.77178581,-1.131411184,-1.00754497,-1.394164048,-0.069194803,-0.693139035,-2.137401322,1.296548525,-0.099804817,PF
Ed Davis,LAL,8.3,5,2,1,1.49823595,-0.843205383,-0.609787079,-0.311002005,0.949972428,-1.200450809,-0.75766365,1.296548525,-0.099804817,PF
Patrick Patterson,HOU,6.3,1,1,1,-1.40756461,-1.996028587,-0.808666025,-1.193578484,0.557985031,-0.89982161,-0.723557775,1.296548525,-0.929047312,PF
Patrick Patterson,HOU,7.7,2,1,1,-0.68111447,-1.707822786,-0.808666025,-0.324374376,-1.735141239,-0.617981736,-1.442881685,1.296548525,-0.929047312,PF
Patrick Patterson,HOU,11.6,3,1,1,0.04533567,-1.419616985,-0.659506816,0.036679638,0.401190073,-0.655560385,-0.180964308,1.296548525,-0.929047312,PF
Patrick Patterson,SAC,8,3,1,1,0.04533567,-1.419616985,-0.560067343,-0.324374376,0.401190073,-0.655560385,-0.875483945,1.296548525,-0.929047312,PF
Patrick Patterson,SAC,6.9,4,1,1,0.77178581,-1.131411184,-0.758946288,-0.163905925,-0.245589132,-0.71192836,-0.754563116,1.296548525,-0.929047312,PF
Patrick Patterson,TOR,9.1,4,1,1,0.77178581,-1.131411184,-0.560067343,-0.311002005,-0.245589132,-0.71192836,-1.548299844,1.296548525,-0.929047312,PF
Patrick Patterson,TOR,8,5,1,1,1.49823595,-0.843205383,-0.261748924,0.130286235,0.440388812,-1.519869334,-1.244447503,1.296548525,-0.929047312,PF
Kyrie Irving,CLE,18.5,1,1,0,-1.40756461,-1.707822786,1.47844185,0.6518087,0.401190073,1.260950761,-1.591707322,-0.412711333,-0.929047312,PG
Kyrie Irving,CLE,22.5,2,1,0,-0.68111447,-1.419616985,1.727040532,1.213448278,0.146398265,1.580369285,-1.309558719,-0.412711333,-0.929047312,PG
Kyrie Irving,CLE,20.8,3,1,0,0.04533567,-1.131411184,1.826480005,1.280310132,-0.245589132,1.242161436,-1.173135219,-0.412711333,-0.929047312,PG
Kyrie Irving,CLE,21.7,4,1,0,0.77178581,-0.843205383,1.379002377,1.440778583,0.73437936,0.885164261,-1.315759787,-0.412711333,-0.929047312,PG
Kyrie Irving,CLE,19.6,5,1,0,1.49823595,-0.554999581,1.130403695,0.785532409,-0.108393543,1.44884401,-1.132828275,-0.412711333,-0.929047312,PG
Derrick Williams,MIN,8.8,1,1,2,-1.40756461,-1.707822786,-0.908105498,-0.551704681,-0.911967706,-0.054301987,-0.940595161,0.441918596,0.729437677,PF
Derrick Williams,MIN,12,2,1,2,-0.68111447,-1.419616985,-0.908105498,-0.137161183,-0.598377789,0.490588437,-1.095621866,0.441918596,0.729437677,PF
Derrick Williams,SAC,8.5,3,1,2,0.04533567,-1.131411184,-0.808666025,-0.123788812,-0.42198346,-0.93740026,-0.754563116,0.441918596,0.729437677,SF
Derrick Williams,SAC,8.3,4,1,2,0.77178581,-0.843205383,-0.858385761,-0.779034986,-0.108393543,-0.430088486,-0.407303297,0.441918596,0.729437677,PF
Derrick Williams,NYK,9.3,5,1,2,1.49823595,-0.554999581,-0.758946288,-1.033110034,0.087600155,0.415431137,-1.039812253,0.441918596,0.729437677,SF
Enes Freedom,UTA,4.6,1,1,1,-1.40756461,-1.707822786,-1.15670418,-1.661611466,-0.127992913,-0.82466431,-1.532797174,-0.412711333,-0.099804817,C
Enes Freedom,UTA,7.2,2,1,1,-0.68111447,-1.419616985,-1.00754497,-1.367419306,0.832376209,-0.035512662,-1.68162281,-0.412711333,-0.099804817,C
Enes Freedom,UTA,12.3,3,1,1,0.04533567,-1.131411184,-0.758946288,0.143658606,-0.44158283,0.377852487,-1.59790839,-0.412711333,-0.099804817,C
Enes Freedom,UTA,13.8,4,1,1,0.77178581,-0.843205383,-0.957825234,0.197148089,0.361991333,0.565745737,-1.976173549,-0.412711333,-0.099804817,C
Enes Freedom,OKC,18.7,4,1,1,0.77178581,-0.843205383,-0.659506816,0.732042925,0.361991333,0.565745737,-0.267779263,-0.412711333,-0.099804817,C
Enes Freedom,OKC,12.7,5,1,1,1.49823595,-0.554999581,-1.00754497,-0.618566536,1.577152262,0.396641812,0.020570408,-0.412711333,-0.099804817,C
Tristan Thompson,CLE,8.2,1,1,0,-1.40756461,-1.707822786,-0.957825234,-0.257512521,-1.499948801,-0.354931186,-1.591707322,-1.267341261,-0.099804817,PF
Tristan Thompson,CLE,11.7,2,1,0,-0.68111447,-1.419616985,-0.560067343,0.758787667,-0.578778419,-0.505245786,-1.309558719,-1.267341261,-0.099804817,PF
Tristan Thompson,CLE,11.7,3,1,0,0.04533567,-1.131411184,-0.758946288,0.79890478,-0.343585981,-0.655560385,-1.173135219,-1.267341261,-0.099804817,PF
Tristan Thompson,CLE,8.5,4,1,0,0.77178581,-0.843205383,-0.957825234,0.157030977,0.67558125,-1.294397434,-1.315759787,-1.267341261,-0.099804817,PF
Tristan Thompson,CLE,7.8,5,1,0,1.49823595,-0.554999581,-0.808666025,0.277382315,1.283161715,-1.764130558,-1.132828275,-1.267341261,-0.099804817,PF
Jonas Valančiūnas,TOR,8.9,1,1,0,-1.40756461,-1.419616985,-0.858385761,-0.23076778,1.439956674,-0.730717685,-1.926565004,-1.267341261,-0.929047312,C
Jonas Valančiūnas,TOR,11.3,2,1,0,-0.68111447,-1.131411184,-0.858385761,0.344244169,0.65598188,-0.467667136,-1.548299844,-1.267341261,-0.929047312,C
Jonas Valančiūnas,TOR,12,3,1,0,0.04533567,-0.843205383,-0.957825234,0.076796751,1.518354153,-0.298563211,-1.244447503,-1.267341261,-0.929047312,C
Jonas Valančiūnas,TOR,12.8,4,1,0,0.77178581,-0.554999581,-0.858385761,0.050052009,1.263562345,-0.073091312,-1.278553378,-1.267341261,-0.929047312,C
Jonas Valančiūnas,TOR,12,5,1,0,1.49823595,-0.26679378,-0.858385761,0.023307268,1.087168017,-0.279773886,-0.639843354,-1.267341261,-0.929047312,C
Jan Vesely,WAS,4.7,1,3,3,-1.40756461,-1.707822786,-0.808666025,-0.899386325,-0.029996064,-1.557447984,-1.20414056,-0.412711333,2.387922666,PF
Jan Vesely,WAS,2.5,2,3,3,-0.68111447,-1.419616985,-0.957825234,-1.848824659,-1.284355733,-1.632605283,-1.315759787,-0.412711333,2.387922666,PF
Jan Vesely,WAS,3.2,3,3,3,0.04533567,-1.131411184,-1.057264707,-1.527887757,-0.931567076,-1.463501359,-1.021209048,-0.412711333,2.387922666,PF
Jan Vesely,DEN,4.4,3,3,3,0.04533567,-1.131411184,-0.957825234,-1.474398273,-0.931567076,-1.463501359,0.457745716,-0.412711333,2.387922666,PF
Bismack Biyombo,CHO,5.2,1,1,0,-1.40756461,-1.707822786,-1.00754497,-0.337746747,-1.284355733,-1.482290684,-1.740532958,-1.267341261,-0.929047312,C
Bismack Biyombo,CHO,4.8,2,1,0,-0.68111447,-1.419616985,-1.00754497,0.223892831,-1.441150692,-2.008391783,-1.54519931,-1.267341261,-0.929047312,C
Bismack Biyombo,CHO,2.9,3,1,0,0.04533567,-1.131411184,-1.15670418,-1.56800487,1.185164866,-2.139917057,-1.40877581,-1.267341261,-0.929047312,C
Bismack Biyombo,CHO,4.8,4,1,0,0.77178581,-0.843205383,-1.057264707,-0.83252447,0.636382511,-1.764130558,-1.247548037,-1.267341261,-0.929047312,C
Bismack Biyombo,TOR,5.5,5,1,0,1.49823595,-0.554999581,-1.00754497,-0.484842827,0.793177469,-1.764130558,-1.278553378,-1.267341261,-0.929047312,C
Brandon Knight,DET,12.8,1,0,1,-1.40756461,-1.707822786,0.682926067,0.892511376,-0.676775268,0.133591263,-2.221115743,-0.412711333,-0.099804817,PG
Brandon Knight,DET,13.3,2,0,1,-0.68111447,-1.419616985,0.78236554,0.785532409,-0.676775268,0.283905863,-1.796342572,-0.412711333,-0.099804817,PG
Brandon Knight,MIL,17.9,3,0,1,0.04533567,-1.131411184,1.229843168,1.026235085,-0.44158283,1.035478861,-1.399474208,-0.412711333,-0.099804817,PG
Brandon Knight,MIL,17.8,4,0,1,0.77178581,-0.843205383,1.47844185,0.919256118,-0.049595434,0.791217637,-0.822774866,-0.412711333,-0.099804817,PG
Brandon Knight,PHO,19.6,5,0,1,1.49823595,-0.554999581,1.329282641,1.387289099,-0.4611822,0.941532236,0.594169216,-0.412711333,-0.099804817,SG
Kemba Walker,CHO,12.1,1,1,0,-1.40756461,-1.707822786,0.981244486,0.21052046,-1.59794565,0.772428312,-1.740532958,1.296548525,-0.099804817,PG
Kemba Walker,CHO,17.7,2,1,0,-0.68111447,-1.419616985,1.627601059,1.24019302,-0.559179049,0.791217637,-1.54519931,1.296548525,-0.099804817,PG
Kemba Walker,CHO,17.7,3,1,0,0.04533567,-1.131411184,1.826480005,1.360544358,-0.911967706,0.885164261,-1.40877581,1.296548525,-0.099804817,PG
Kemba Walker,CHO,17.3,4,1,0,0.77178581,-0.843205383,1.329282641,1.146586423,-1.166759514,0.866374936,-1.247548037,1.296548525,-0.099804817,PG
Kemba Walker,CHO,20.9,5,1,0,1.49823595,-0.554999581,1.379002377,1.333799616,0.165997635,0.997900211,-0.382499024,1.296548525,-0.099804817,PG
Jimmer Fredette,SAC,7.6,1,1,3,-1.40756461,-1.707822786,-0.311468661,-0.939503437,-0.990365186,-0.091880637,-0.593335343,0.441918596,2.387922666,PG
Jimmer Fredette,SAC,7.2,2,1,3,-0.68111447,-1.419616985,-0.560067343,-1.554632499,0.009202676,0.396641812,-0.875483945,0.441918596,2.387922666,SG
Jimmer Fredette,SAC,5.9,3,1,3,0.04533567,-1.131411184,-0.46062787,-1.915686513,0.636382511,0.546956412,-0.754563116,0.441918596,2.387922666,SG
Jimmer Fredette,NOP,3.6,4,1,3,0.77178581,-0.843205383,-0.609787079,-2.062782593,-1.303955103,-0.486456461,-1.607209992,0.441918596,2.387922666,PG
Klay Thompson,GSW,12.5,1,1,0,-1.40756461,-1.707822786,-0.212029188,-0.163905925,-0.010396694,0.659692362,-1.145230412,0.441918596,-0.099804817,SG
Klay Thompson,GSW,16.6,2,1,0,-0.68111447,-1.419616985,-0.112589715,1.360544358,-0.245589132,0.152380588,-0.56853107,0.441918596,-0.099804817,SG
Klay Thompson,GSW,18.4,3,1,0,0.04533567,-1.131411184,-0.112589715,1.307054874,0.185597004,0.302695188,-0.032138671,0.441918596,-0.099804817,SG
Klay Thompson,GSW,21.7,4,1,0,0.77178581,-0.843205383,0.23544844,0.839021893,0.891174318,1.204582786,0.560063341,0.441918596,-0.099804817,SG
Klay Thompson,GSW,22.1,5,1,0,1.49823595,-0.554999581,-0.162309452,1.026235085,1.008770537,0.979110886,0.857714614,0.441918596,-0.099804817,SG
Alec Burks,UTA,7.2,1,2,1,-1.40756461,-1.707822786,-0.758946288,-1.300557452,-0.774772117,0.077223288,-1.532797174,2.151178454,2.387922666,SG
Alec Burks,UTA,7,2,2,1,-0.68111447,-1.419616985,-0.510347606,-1.046482405,-0.755172748,-0.223405911,-1.68162281,2.151178454,2.387922666,SG
Alec Burks,UTA,14,3,2,1,0.04533567,-1.131411184,0.136008967,0.330871798,0.028802046,0.453009787,-1.59790839,2.151178454,2.387922666,SG
Alec Burks,UTA,13.9,4,2,1,0.77178581,-0.843205383,0.285168176,1.026235085,-0.42198346,-0.035512662,-1.976173549,2.151178454,2.387922666,SG
Alec Burks,UTA,13.3,5,2,1,1.49823595,-0.554999581,-0.212029188,0.009934897,-0.50038094,0.716060337,-1.80254364,2.151178454,2.387922666,SG
Markieff Morris,PHO,7.4,1,1,1,-1.40756461,-1.707822786,-0.709226552,-0.819152099,-1.205958254,-0.167037936,-1.197939491,0.441918596,2.387922666,PF
Markieff Morris,PHO,8.2,2,1,1,-0.68111447,-1.419616985,-0.560067343,-0.431353343,-1.421551322,-0.242195236,-0.928193025,0.441918596,2.387922666,PF
Markieff Morris,PHO,13.8,3,1,1,0.04533567,-1.131411184,-0.311468661,0.130286235,0.361991333,0.377852487,-0.199567513,0.441918596,2.387922666,PF
Markieff Morris,PHO,15.3,4,1,1,0.77178581,-0.843205383,-0.062869979,0.785532409,-0.44158283,0.453009787,-0.084847751,0.441918596,2.387922666,PF
Markieff Morris,PHO,11.6,5,1,1,1.49823595,-0.554999581,-0.013150242,-0.110416441,-1.107961405,0.603324387,0.594169216,0.441918596,2.387922666,PF
Markieff Morris,WAS,12.4,5,1,1,1.49823595,-0.554999581,-0.510347606,0.103541493,-1.107961405,0.603324387,0.522856932,0.441918596,2.387922666,PF
Anthony Davis,NOP,13.5,1,1,1,-1.40756461,-1.419616985,-0.709226552,0.424478395,0.263994484,0.077223288,-2.472259005,-1.267341261,-0.929047312,PF
Anthony Davis,NOP,20.8,2,1,1,-0.68111447,-1.131411184,-0.410908134,1.280310132,0.71477999,0.791217637,-1.365368333,-1.267341261,-0.929047312,PF
Anthony Davis,NOP,24.4,3,1,1,0.04533567,-0.843205383,-0.112589715,1.40066147,0.891174318,1.204582786,-1.607209992,-1.267341261,-0.929047312,PF
Anthony Davis,NOP,24.3,4,1,1,0.77178581,-0.554999581,-0.261748924,1.320427245,0.263994484,1.542790635,0.051575749,-1.267341261,-0.929047312,C
Anthony Davis,NOP,28,5,1,1,1.49823595,-0.26679378,-0.162309452,1.40066147,0.67558125,2.125259709,0.336824886,-1.267341261,-0.929047312,C
Michael Kidd-Gilchrist,CHO,9,1,0,2,-1.40756461,-1.419616985,-0.46062787,0.050052009,-0.774772117,-0.617981736,-1.54519931,-1.267341261,0.729437677,SF
Michael Kidd-Gilchrist,CHO,7.2,2,0,2,-0.68111447,-1.131411184,-0.808666025,-0.190650667,-0.578778419,-1.031346885,-1.40877581,-1.267341261,0.729437677,SF
Michael Kidd-Gilchrist,CHO,10.9,3,0,2,0.04533567,-0.843205383,-0.510347606,0.437850765,-0.51998031,-0.542824436,-1.247548037,-1.267341261,0.729437677,SF
Michael Kidd-Gilchrist,CHO,9.2,5,0,2,1.49823595,-0.26679378,-0.510347606,0.451223136,-0.343585981,-1.200450809,-0.481716115,-1.267341261,0.729437677,SF
Bradley Beal,WAS,13.9,1,1,0,-1.40756461,-1.419616985,-0.013150242,0.745415296,-0.598377789,0.189959238,-1.315759787,0.441918596,-0.099804817,SG
Bradley Beal,WAS,17.1,2,1,0,-0.68111447,-1.131411184,0.434327385,1.213448278,-0.755172748,0.603324387,-1.021209048,0.441918596,-0.099804817,SG
Bradley Beal,WAS,15.3,3,1,0,0.04533567,-0.843205383,0.334887912,1.039607456,-0.48078157,0.265116538,-0.987103173,0.441918596,-0.099804817,SG
Bradley Beal,WAS,17.4,4,1,0,0.77178581,-0.554999581,0.23544844,0.732042925,0.028802046,0.697271012,0.522856932,0.441918596,-0.099804817,SG
Bradley Beal,WAS,23.1,5,1,0,1.49823595,-0.26679378,0.533766858,1.24019302,1.145966126,0.941532236,0.144591772,0.441918596,-0.099804817,SG
Dion Waiters,CLE,14.7,1,1,0,-1.40756461,-1.419616985,0.285168176,0.424478395,-1.049163295,0.941532236,-1.309558719,0.441918596,0.729437677,SG
Dion Waiters,CLE,15.9,2,1,0,-0.68111447,-1.131411184,0.285168176,0.531457362,-0.735573378,1.054268186,-1.173135219,0.441918596,0.729437677,SG
Dion Waiters,CLE,10.5,3,1,0,0.04533567,-0.843205383,-0.112589715,-0.24414015,-1.67634313,0.189959238,-1.315759787,0.441918596,0.729437677,SG
Dion Waiters,OKC,12.7,3,1,0,0.04533567,-0.843205383,-0.261748924,0.625063958,-1.67634313,0.189959238,-0.267779263,0.441918596,0.729437677,SG
Dion Waiters,OKC,9.8,4,1,0,0.77178581,-0.554999581,-0.212029188,0.264009944,-1.049163295,-0.655560385,0.020570408,0.441918596,0.729437677,SG
Dion Waiters,MIA,15.8,5,1,0,1.49823595,-0.26679378,0.931524749,0.598319216,-0.755172748,0.979110886,-0.608838013,0.441918596,0.729437677,SG
Damian Lillard,POR,19,1,0,0,-1.40756461,-1.419616985,2.02535895,1.734970743,0.009202676,0.546956412,-1.554500912,-0.412711333,-0.099804817,PG
Damian Lillard,POR,20.7,2,0,0,-0.68111447,-1.131411184,1.577881323,1.360544358,0.440388812,0.678481687,-0.487917183,-0.412711333,-0.099804817,PG
Damian Lillard,POR,21,3,0,0,0.04533567,-0.843205383,1.876199741,1.347171987,0.283593854,1.016689536,-0.748362048,-0.412711333,-0.099804817,PG
Damian Lillard,POR,25.1,4,0,0,0.77178581,-0.554999581,2.174518159,1.347171987,0.283593854,1.805841184,-0.128255228,-0.412711333,-0.099804817,PG
Damian Lillard,POR,27,5,0,0,1.49823595,-0.26679378,1.727040532,1.373916729,0.793177469,1.805841184,-0.029038137,-0.412711333,-0.099804817,PG
Harrison Barnes,GSW,9.2,1,0,1,-1.40756461,-1.419616985,-0.609787079,-0.030182216,-0.382784721,-0.63677106,-0.56853107,-0.412711333,-0.099804817,SF
Harrison Barnes,GSW,9.5,2,0,1,-0.68111447,-1.131411184,-0.46062787,0.35761654,-1.166759514,-0.78708566,-0.032138671,-0.412711333,-0.099804817,SF
Harrison Barnes,GSW,10.1,3,0,1,0.04533567,-0.843205383,-0.510347606,0.35761654,0.538385661,-1.144082834,0.560063341,-0.412711333,-0.099804817,SF
Harrison Barnes,GSW,11.7,4,0,1,0.77178581,-0.554999581,-0.311468661,0.705298183,0.263994484,-0.97497891,0.857714614,-0.412711333,-0.099804817,SF
Harrison Barnes,DAL,19.2,5,0,1,1.49823595,-0.26679378,-0.46062787,1.320427245,-0.088794173,0.828796286,-1.352966196,-0.412711333,-0.099804817,PF
Terrence Ross,TOR,6.4,1,1,1,-1.40756461,-1.419616985,-0.858385761,-1.153461372,-1.068762665,-0.317352536,-1.926565004,2.151178454,0.729437677,SG
Terrence Ross,TOR,10.9,2,1,1,-0.68111447,-1.131411184,-0.709226552,0.143658606,0.146398265,-0.467667136,-1.548299844,2.151178454,0.729437677,SG
Terrence Ross,TOR,9.8,3,1,1,0.04533567,-0.843205383,-0.709226552,-0.016809845,-0.51998031,-0.505245786,-1.244447503,2.151178454,0.729437677,SF
Terrence Ross,TOR,9.9,4,1,1,0.77178581,-0.554999581,-0.808666025,-0.23076778,0.107199525,-0.561613761,-1.278553378,2.151178454,0.729437677,SF
Terrence Ross,TOR,10.4,5,1,1,1.49823595,-0.26679378,-0.808666025,-0.431353343,0.087600155,-0.430088486,-0.639843354,2.151178454,0.729437677,SF
Terrence Ross,ORL,12.5,5,1,1,1.49823595,-0.26679378,-0.311468661,0.745415296,0.087600155,-0.430088486,-0.177863774,2.151178454,0.729437677,SF
Andre Drummond,DET,7.9,1,1,0,-1.40756461,-1.419616985,-0.957825234,-0.658683648,0.636382511,-0.768296335,-1.796342572,-0.412711333,-0.929047312,C
Andre Drummond,DET,13.5,2,1,0,-0.68111447,-1.131411184,-1.00754497,0.892511376,1.047969277,-0.78708566,-0.590234809,-0.412711333,-0.929047312,C
Andre Drummond,DET,13.8,3,1,0,0.04533567,-0.843205383,-0.858385761,0.6518087,-0.813970857,0.171169913,-1.176235753,-0.412711333,-0.929047312,C
Andre Drummond,DET,16.2,4,1,0,0.77178581,-0.554999581,-0.808666025,0.972745602,-0.911967706,0.584535062,-0.534425195,-0.412711333,-0.929047312,C
Andre Drummond,DET,13.6,5,1,0,1.49823595,-0.26679378,-0.659506816,0.544829733,-0.539579679,0.265116538,-0.605737479,-0.412711333,-0.929047312,C
Austin Rivers,NOP,6.2,1,1,2,-1.40756461,-1.419616985,-0.162309452,-0.324374376,-2.244724855,-0.730717685,-2.472259005,0.441918596,1.558680172,SG
Austin Rivers,NOP,7.7,2,1,2,-0.68111447,-1.131411184,-0.062869979,-0.83252447,-1.245156993,0.020855313,-1.365368333,0.441918596,1.558680172,PG
Austin Rivers,NOP,6.8,3,1,2,0.04533567,-0.843205383,0.036569494,-0.471470456,-1.264756363,-0.63677106,-1.607209992,0.441918596,1.558680172,SG
Austin Rivers,LAC,7.1,3,1,2,0.04533567,-0.843205383,-0.361188397,-0.845896841,-1.264756363,-0.63677106,-0.642943888,0.441918596,1.558680172,SG
Austin Rivers,LAC,8.9,4,1,2,0.77178581,-0.554999581,-0.46062787,-0.498215198,-0.44158283,-0.373720511,-0.205768581,0.441918596,1.558680172,SG
Austin Rivers,LAC,12,5,1,2,1.49823595,-0.26679378,0.185728703,0.290754686,-0.010396694,-0.185827261,-0.218170717,0.441918596,1.558680172,SG
Meyers Leonard,POR,5.5,1,1,2,-1.40756461,-1.419616985,-0.957825234,-1.086599517,0.989171167,-1.331976084,-1.554500912,-1.267341261,-0.099804817,C
Meyers Leonard,POR,2.5,2,1,2,-0.68111447,-1.131411184,-0.957825234,-2.236623415,-1.107961405,-1.369554734,-0.487917183,-1.267341261,-0.099804817,C
Meyers Leonard,POR,5.9,3,1,2,0.04533567,-0.843205383,-0.908105498,-1.367419306,1.675149112,-0.956189585,-0.748362048,-1.267341261,-0.099804817,C
Meyers Leonard,POR,8.4,4,1,2,0.77178581,-0.554999581,-0.46062787,-0.498215198,0.303193223,-0.63677106,-0.128255228,-1.267341261,-0.099804817,PF
Meyers Leonard,POR,5.4,5,1,2,1.49823595,-0.26679378,-0.709226552,-1.220323226,-0.755172748,-1.01255756,-0.029038137,-1.267341261,-0.099804817,PF
Jeremy Lamb,OKC,3.1,1,3,2,-1.40756461,-1.419616985,-1.106984443,-2.570932687,-1.303955103,0.565745737,-0.897187684,-1.267341261,2.387922666,SF
Jeremy Lamb,OKC,8.5,2,3,2,-0.68111447,-1.131411184,-0.46062787,-0.792407357,-0.4611822,-0.204616586,-0.354594217,-1.267341261,2.387922666,SG
Jeremy Lamb,OKC,6.3,3,3,2,0.04533567,-0.843205383,-0.758946288,-1.621494353,-0.147592283,0.077223288,-0.267779263,-1.267341261,2.387922666,SG
Jeremy Lamb,CHO,8.8,4,3,2,0.77178581,-0.554999581,-0.609787079,-0.939503437,-0.323986611,0.114801938,-0.382499024,-1.267341261,2.387922666,SG
Jeremy Lamb,CHO,9.7,5,3,2,1.49823595,-0.26679378,-0.609787079,-0.966248179,0.087600155,0.377852487,-0.481716115,-1.267341261,2.387922666,SG
John Henson,MIL,6,1,1,2,-1.40756461,-1.419616985,-0.957825234,-1.674983837,-0.951166446,0.152380588,-0.565430536,2.151178454,-0.929047312,PF
John Henson,MIL,11.1,2,1,2,-0.68111447,-1.131411184,-0.410908134,0.116913864,-0.049595434,-0.129459287,-1.399474208,2.151178454,-0.929047312,PF
John Henson,MIL,7,3,1,2,0.04533567,-0.843205383,-0.758946288,-0.97962055,0.636382511,-0.505245786,-0.822774866,2.151178454,-0.929047312,C
John Henson,MIL,7,4,1,2,0.77178581,-0.554999581,-0.758946288,-1.180206114,0.67558125,-0.373720511,-0.751462582,2.151178454,-0.929047312,C
John Henson,MIL,6.8,5,1,2,1.49823595,-0.26679378,-0.709226552,-0.83252447,0.087600155,-0.843453635,-0.770065786,2.151178454,-0.929047312,C
Victor Oladipo,ORL,13.8,1,1,0,-1.40756461,-1.131411184,0.832085277,0.732042925,-0.617977159,0.603324387,-0.993304241,-0.412711333,-0.929047312,PG
Victor Oladipo,ORL,17.9,2,1,0,-0.68111447,-0.843205383,0.832085277,1.347171987,-0.363185351,0.772428312,-0.918891423,-0.412711333,-0.929047312,SG
Victor Oladipo,ORL,16,3,1,0,0.04533567,-0.554999581,0.732645804,0.986117972,-0.225989762,0.302695188,-0.246075524,-0.412711333,-0.929047312,SG
Victor Oladipo,OKC,15.9,4,1,0,0.77178581,-0.26679378,0.08628923,1.012862714,-0.225989762,0.039644638,0.21900459,-0.412711333,-0.929047312,SG
Victor Oladipo,IND,23.1,5,1,0,1.49823595,0.021412021,0.931524749,1.119841681,0.616783141,1.63673726,-0.196466978,-0.412711333,-0.929047312,SG
Otto Porter Jr.,WAS,2.1,1,3,2,-1.40756461,-1.131411184,-1.057264707,-2.276740527,-2.75430847,-1.162872159,-1.021209048,1.296548525,0.729437677,SF
Otto Porter Jr.,WAS,6,2,3,2,-0.68111447,-0.843205383,-0.758946288,-0.83252447,-0.44158283,-1.144082834,-0.987103173,1.296548525,0.729437677,SF
Otto Porter Jr.,WAS,11.6,3,3,2,0.04533567,-0.554999581,-0.410908134,0.625063958,0.361991333,-0.918610935,0.522856932,1.296548525,0.729437677,SF
Otto Porter Jr.,WAS,13.4,4,3,2,0.77178581,-0.26679378,-0.46062787,0.932628489,1.616351002,-1.144082834,0.144591772,1.296548525,0.729437677,SF
Otto Porter Jr.,WAS,14.7,5,3,2,1.49823595,0.021412021,-0.212029188,0.79890478,1.106767386,-0.486456461,0.060877351,1.296548525,0.729437677,SF
Cody Zeller,CHO,6,1,2,2,-1.40756461,-1.131411184,-0.659506816,-1.113344259,-0.931567076,-0.561613761,-1.40877581,-0.412711333,-0.929047312,C
Cody Zeller,CHO,7.6,2,2,2,-0.68111447,-0.843205383,-0.410908134,-0.217395409,-0.304387241,-1.031346885,-1.247548037,-0.412711333,-0.929047312,C
Cody Zeller,CHO,8.7,3,2,2,0.04533567,-0.554999581,-0.709226552,-0.177278296,0.910773688,-1.05013621,-0.382499024,-0.412711333,-0.929047312,C
Cody Zeller,CHO,10.3,4,2,2,0.77178581,-0.26679378,-0.410908134,0.290754686,1.145966126,-1.031346885,-0.481716115,-0.412711333,-0.929047312,C
Cody Zeller,CHO,7.1,5,2,2,1.49823595,0.021412021,-0.758946288,-0.886013954,1.106767386,-1.05013621,0.367830227,-0.412711333,-0.929047312,C
Alex Len,PHO,2,1,1,1,-1.40756461,-1.131411184,-1.15670418,-2.276740527,-1.499948801,-1.388344059,-0.199567513,-1.267341261,-0.099804817,C
Alex Len,PHO,6.3,2,1,1,-0.68111447,-0.843205383,-0.957825234,-0.484842827,-0.069194803,-1.407133384,-0.084847751,-1.267341261,-0.099804817,C
Alex Len,PHO,9,3,1,1,0.04533567,-0.554999581,-0.609787079,-0.311002005,-1.245156993,-0.110669962,0.594169216,-1.267341261,-0.099804817,C
Alex Len,PHO,8,4,1,1,0.77178581,-0.26679378,-0.908105498,-0.712173132,0.146398265,-0.63677106,1.046847194,-1.267341261,-0.099804817,C
Alex Len,PHO,8.5,5,1,1,1.49823595,0.021412021,-0.609787079,-0.725545503,1.302761085,-0.82466431,1.136762683,-1.267341261,-0.099804817,C
Nerlens Noel,PHI,9.9,1,0,1,-1.40756461,-0.843205383,-0.361188397,0.691925813,-1.029563925,-0.71192836,-0.317387808,-1.267341261,-0.929047312,C
Nerlens Noel,PHI,11.1,2,0,1,-0.68111447,-0.554999581,-0.311468661,0.491340249,-0.029996064,-0.392509836,0.299618477,-1.267341261,-0.929047312,C
Nerlens Noel,PHI,8.9,3,0,1,0.04533567,-0.26679378,-0.709226552,-0.83252447,1.498754783,-0.693139035,0.494952125,-1.267341261,-0.929047312,C
Nerlens Noel,DAL,8.5,3,0,1,0.04533567,-0.26679378,-0.758946288,-0.484842827,1.498754783,-0.693139035,-1.352966196,-1.267341261,-0.929047312,C
Nerlens Noel,DAL,4.4,4,0,1,0.77178581,0.021412021,-0.858385761,-1.327302193,0.244395114,-1.444712034,-0.292583535,-1.267341261,-0.929047312,C
Nerlens Noel,OKC,4.9,5,0,1,1.49823595,0.309617822,-0.908105498,-1.594749611,1.224363605,-1.331976084,1.83128232,-1.267341261,-0.929047312,C
Ben McLemore,SAC,8.8,1,1,0,-1.40756461,-1.131411184,-0.709226552,0.143658606,-1.186358884,-0.78708566,-0.754563116,-0.412711333,-0.099804817,SG
Ben McLemore,SAC,12.1,2,1,0,-0.68111447,-0.843205383,-0.361188397,0.932628489,0.126798895,-0.71192836,-0.407303297,-0.412711333,-0.099804817,SG
Ben McLemore,SAC,7.8,3,1,0,0.04533567,-0.554999581,-0.609787079,-0.591821794,-0.284787872,-0.67434971,0.987937046,-0.412711333,-0.099804817,SG
Ben McLemore,SAC,8.1,4,1,0,0.77178581,-0.26679378,-0.808666025,-0.845896841,-0.147592283,-0.204616586,-0.63674282,-0.412711333,-0.099804817,SG
Ben McLemore,MEM,7.5,5,1,0,1.49823595,0.021412021,-0.758946288,-0.819152099,-0.382784721,-0.486456461,-0.565430536,-0.412711333,-0.099804817,SG
Kentavious Caldwell-Pope,DET,5.9,1,2,0,-1.40756461,-1.131411184,-0.858385761,-0.779034986,-1.225557624,-1.350765409,-0.590234809,1.296548525,-0.099804817,SG
Kentavious Caldwell-Pope,DET,12.7,2,2,0,-0.68111447,-0.843205383,-0.560067343,0.785532409,-0.872768967,-0.336141861,-1.176235753,1.296548525,-0.099804817,SG
Kentavious Caldwell-Pope,DET,14.5,3,2,0,0.04533567,-0.554999581,-0.311468661,1.480895696,-0.48078157,-0.580403086,-0.534425195,1.296548525,-0.099804817,SG
Kentavious Caldwell-Pope,DET,13.8,4,2,0,0.77178581,-0.26679378,0.036569494,1.026235085,-0.51998031,-0.392509836,-0.605737479,1.296548525,-0.099804817,SG
Kentavious Caldwell-Pope,LAL,13.4,5,2,0,1.49823595,0.021412021,-0.112589715,1.012862714,0.303193223,-0.805874985,1.062349864,1.296548525,-0.099804817,SG
Trey Burke,UTA,12.8,1,0,0,-1.40756461,-1.131411184,1.627601059,0.892511376,-1.421551322,0.152380588,-1.59790839,-0.412711333,-0.929047312,PG
Trey Burke,UTA,12.8,2,0,0,-0.68111447,-0.843205383,0.931524749,0.598319216,-1.774339979,0.453009787,-1.976173549,-0.412711333,-0.929047312,PG
Trey Burke,UTA,10.6,3,0,0,0.04533567,-0.554999581,-0.062869979,-0.578449423,-0.755172748,0.640903037,-1.80254364,-0.412711333,-0.929047312,PG
Trey Burke,WAS,5,4,0,0,0.77178581,-0.26679378,-0.311468661,-1.781962804,-0.265188502,-0.148248612,0.144591772,-0.412711333,-0.929047312,PG
Trey Burke,NYK,12.8,5,0,0,1.49823595,0.021412021,1.130403695,-0.511587568,0.342391963,0.772428312,0.051575749,-0.412711333,-0.929047312,PG
CJ McCollum,POR,5.3,1,2,3,-1.40756461,-1.131411184,-0.858385761,-1.755218062,-0.48078157,-0.129459287,-0.487917183,2.151178454,1.558680172,SG
CJ McCollum,POR,6.8,2,2,3,-0.68111447,-0.843205383,-0.709226552,-1.327302193,-0.225989762,-0.185827261,-0.748362048,2.151178454,1.558680172,SG
CJ McCollum,POR,20.8,3,2,3,0.04533567,-0.554999581,0.931524749,1.226820649,-0.029996064,1.091846836,-0.128255228,2.151178454,1.558680172,SG
CJ McCollum,POR,23,4,2,3,0.77178581,-0.26679378,0.583486594,1.25356539,0.773578099,1.129425486,-0.029038137,2.151178454,1.558680172,SG
CJ McCollum,POR,21.4,5,2,3,1.49823595,0.021412021,0.484047122,1.40066147,-0.186791022,0.960321561,-0.112752558,2.151178454,1.558680172,SG
Steven Adams,OKC,3.3,1,1,1,-1.40756461,-1.131411184,-0.957825234,-1.447653532,-0.088794173,-1.764130558,-0.354594217,-0.412711333,-0.929047312,C
Steven Adams,OKC,7.7,2,1,1,-0.68111447,-0.843205383,-0.758946288,-0.043554587,0.068000785,-1.238029459,-0.267779263,-0.412711333,-0.929047312,C
Steven Adams,OKC,8,3,1,1,0.04533567,-0.554999581,-0.808666025,-0.056926958,1.479155413,-1.557447984,0.020570408,-0.412711333,-0.929047312,C
Steven Adams,OKC,11.3,4,1,1,0.77178581,-0.26679378,-0.659506816,0.571574474,0.851975579,-0.918610935,0.21900459,-0.412711333,-0.929047312,C
Steven Adams,OKC,13.9,5,1,1,1.49823595,0.021412021,-0.609787079,0.94600086,1.655549742,-0.89982161,-0.041440274,-0.412711333,-0.929047312,C
Kelly Olynyk,BOS,8.7,1,0,1,-1.40756461,-1.131411184,-0.410908134,-0.752290245,0.009202676,-0.129459287,-0.990203707,0.441918596,-0.099804817,C
Kelly Olynyk,BOS,10.3,2,0,1,-0.68111447,-0.843205383,-0.361188397,-0.444725714,0.244395114,-0.035512662,-0.236773922,0.441918596,-0.099804817,C
Kelly Olynyk,BOS,10,3,0,1,0.04533567,-0.554999581,-0.46062787,-0.725545503,0.303193223,-0.073091312,0.606571352,0.441918596,-0.099804817,C
Kelly Olynyk,BOS,9,4,0,1,0.77178581,-0.26679378,-0.212029188,-0.68542839,1.126366756,-0.430088486,-0.081747217,0.441918596,-0.099804817,C
Kelly Olynyk,MIA,11.5,5,0,1,1.49823595,0.021412021,0.136008967,-0.297629634,1.302761085,0.096012613,-0.425906502,0.441918596,-0.099804817,PF
Shabazz Muhammad,MIN,3.9,1,4,3,-1.40756461,-1.131411184,-1.106984443,-2.383719495,-0.794371487,0.265116538,0.265512602,2.151178454,0.729437677,SG
Shabazz Muhammad,MIN,13.5,2,4,3,-0.68111447,-0.843205383,-0.609787079,-0.377863859,0.205196374,0.584535062,-0.627441218,2.151178454,0.729437677,SG
Shabazz Muhammad,MIN,10.5,3,4,3,0.04533567,-0.554999581,-0.908105498,-0.68542839,0.048401416,0.265116538,-0.394901161,2.151178454,0.729437677,SF
Shabazz Muhammad,MIN,9.9,4,4,3,0.77178581,-0.26679378,-1.00754497,-0.83252447,0.401190073,0.020855313,-0.618139615,2.151178454,0.729437677,SF
Shabazz Muhammad,MIN,3.8,5,4,3,1.49823595,0.021412021,-1.106984443,-2.16976156,-0.696374638,0.321484513,-0.224371785,2.151178454,0.729437677,SF
Aaron Gordon,ORL,5.2,1,3,2,-1.40756461,-0.843205383,-0.858385761,-1.153461372,-0.559179049,-0.993768235,-0.918891423,1.296548525,0.729437677,PF
Aaron Gordon,ORL,9.2,2,3,2,-0.68111447,-0.554999581,-0.410908134,-0.23076778,-0.088794173,-0.655560385,-0.246075524,1.296548525,0.729437677,PF
Aaron Gordon,ORL,12.7,3,3,2,0.04533567,-0.26679378,-0.261748924,0.411106024,-0.304387241,-0.129459287,-0.177863774,1.296548525,0.729437677,SF
Aaron Gordon,ORL,17.6,4,3,2,0.77178581,0.021412021,-0.062869979,0.972745602,-0.304387241,0.734849662,0.343025954,1.296548525,0.729437677,PF
Aaron Gordon,ORL,16,5,3,2,1.49823595,0.309617822,0.633206331,1.09309694,-0.147592283,0.189959238,0.364729693,1.296548525,0.729437677,PF
Aaron Nesmith,BOS,4.7,1,3,3,-1.40756461,0.886029424,-0.957825234,-1.487770644,0.538385661,-1.331976084,0.454645182,1.296548525,1.558680172,SF
Aaron Nesmith,BOS,3.8,2,3,3,-0.68111447,1.174235226,-1.00754497,-1.955803626,-0.755172748,-0.67434971,-0.066244546,1.296548525,1.558680172,SF
Aaron Nesmith,IND,10.1,3,3,3,0.04533567,1.462441027,-0.560067343,-0.097044071,0.401190073,-0.74950701,1.304191524,1.296548525,1.558680172,SF
Aaron Nesmith,IND,12.2,4,3,3,0.77178581,1.750646828,-0.46062787,0.277382315,1.675149112,-0.89982161,1.45301716,1.296548525,1.558680172,SF
Aaron Nesmith,IND,12,5,3,3,1.49823595,2.038852629,-0.609787079,-0.0836717,2.106335248,-0.63677106,1.018942387,1.296548525,1.558680172,SF
Andrew Wiggins,MIN,16.9,1,0,0,-1.40756461,-0.843205383,-0.162309452,1.414033841,-0.559179049,0.340273837,-0.627441218,-1.267341261,-0.929047312,SF
Andrew Wiggins,MIN,20.7,2,0,0,-0.68111447,-0.554999581,-0.212029188,1.266937761,-0.049595434,1.204582786,-0.394901161,-1.267341261,-0.929047312,SF
Andrew Wiggins,MIN,23.6,3,0,0,0.04533567,-0.26679378,-0.062869979,1.54775755,-0.225989762,1.542790635,-0.618139615,-1.267341261,-0.929047312,SF
Andrew Wiggins,MIN,17.7,4,0,0,0.77178581,0.021412021,-0.212029188,1.427406212,-0.794371487,0.490588437,-0.224371785,-1.267341261,-0.929047312,SF
Andrew Wiggins,MIN,18.1,5,0,0,1.49823595,0.309617822,0.036569494,1.226820649,-1.029563925,0.678481687,1.056148796,-1.267341261,-0.929047312,SF
Anthony Edwards,MIN,19.3,1,1,0,-1.40756461,0.886029424,0.23544844,0.865766634,-0.44158283,1.167004136,1.391006479,-0.412711333,-0.929047312,SG
Anthony Edwards,MIN,21.3,2,1,0,-0.68111447,1.174235226,0.682926067,1.159958794,0.283593854,1.054268186,1.239080308,-0.412711333,-0.929047312,SG
Anthony Edwards,MIN,24.6,3,1,0,0.04533567,1.462441027,0.981244486,1.387289099,0.361991333,1.71189456,1.263884581,-0.412711333,-0.929047312,SG
Anthony Edwards,MIN,25.9,4,1,0,0.77178581,1.750646828,1.329282641,1.266937761,0.577584401,2.162838359,0.098083761,-0.412711333,-0.929047312,SG
Anthony Edwards,MIN,27.6,5,1,0,1.49823595,2.038852629,1.030964222,1.427406212,0.969571798,1.993734434,0.147692306,-0.412711333,-0.929047312,SG
Bam Adebayo,MIA,6.9,1,1,1,-1.40756461,0.021412021,-0.46062787,-0.779034986,0.479587552,-0.918610935,-0.425906502,-0.412711333,-0.099804817,C
Bam Adebayo,MIA,8.9,2,1,1,-0.68111447,0.309617822,-0.112589715,-0.311002005,1.518354153,-0.93740026,0.389533966,-0.412711333,-0.099804817,C
Bam Adebayo,MIA,15.9,3,1,1,0.04533567,0.597823623,1.329282641,1.066352198,1.028369907,0.077223288,0.380232363,-0.412711333,-0.099804817,PF
Bam Adebayo,MIA,18.7,4,1,1,0.77178581,0.886029424,1.47844185,1.052979827,1.577152262,0.546956412,-0.118953626,-0.412711333,-0.099804817,C
Bam Adebayo,MIA,19.1,5,1,1,1.49823595,1.174235226,0.484047122,0.932628489,1.224363605,0.791217637,-0.292583535,-0.412711333,-0.099804817,C
Ben Simmons,PHI,15.8,1,0,0,-1.40756461,0.021412021,2.870594469,1.079724569,0.224795744,0.283905863,1.015841853,-1.267341261,-0.929047312,PG
Ben Simmons,PHI,16.9,2,0,0,-0.68111447,0.309617822,2.621995787,1.146586423,0.71477999,0.246327213,1.586340127,-1.267341261,-0.929047312,PG
Ben Simmons,PHI,16.4,3,0,0,0.04533567,0.597823623,2.771154996,1.307054874,1.106767386,0.020855313,0.656179898,-1.267341261,-0.929047312,PG
Ben Simmons,PHI,14.3,4,0,0,0.77178581,0.886029424,2.224237896,0.905883747,0.75397873,-0.110669962,0.820508205,-1.267341261,-0.929047312,PG
Ben Simmons,BRK,6.9,5,0,0,1.49823595,1.462441027,1.826480005,0.090169122,0.263994484,-1.219240134,0.401936102,-1.267341261,-0.929047312,PG
Brandon Ingram,LAL,9.4,1,1,0,-1.40756461,-0.26679378,-0.162309452,0.424478395,-1.401951952,-0.74950701,0.553862273,-0.412711333,-0.929047312,SF
Brandon Ingram,LAL,16.1,2,1,0,-0.68111447,0.021412021,0.732645804,1.052979827,-0.186791022,0.265116538,1.062349864,-0.412711333,-0.929047312,SF
Brandon Ingram,LAL,18.3,3,1,0,0.04533567,0.309617822,0.285168176,1.09309694,0.185597004,0.453009787,1.89949407,-0.412711333,-0.929047312,SF
Brandon Ingram,NOP,23.8,4,1,0,0.77178581,0.597823623,0.881805013,1.106469311,0.812776839,1.37368671,1.989409559,-0.412711333,-0.929047312,PF
Brandon Ingram,NOP,23.8,5,1,0,1.49823595,0.886029424,1.229843168,1.159958794,0.75397873,1.354897385,0.950730637,-0.412711333,-0.929047312,SF
Cam Reddish,ATL,10.5,1,1,1,-1.40756461,0.597823623,-0.46062787,0.143658606,-0.892368336,-0.354931186,1.800276979,-0.412711333,-0.099804817,SF
Cam Reddish,ATL,11.2,2,1,1,-0.68111447,0.886029424,-0.560067343,0.424478395,-1.127560774,-0.279773886,0.374031295,-0.412711333,-0.099804817,SF
Cam Reddish,ATL,11.9,3,1,1,0.04533567,1.174235226,-0.659506816,-0.297629634,-0.167191653,0.453009787,0.370930761,-0.412711333,-0.099804817,SF
Cam Reddish,NYK,6.1,3,1,1,0.04533567,1.174235226,-0.858385761,-1.514515386,0.577584401,-0.373720511,-0.32668941,-0.412711333,-0.099804817,SF
Cam Reddish,LAL,5.4,5,1,1,1.49823595,1.750646828,-0.709226552,-0.68542839,-0.813970857,-1.519869334,1.211175501,-0.412711333,-0.099804817,SF
Cameron Johnson,PHO,8.8,1,1,1,-1.40756461,0.597823623,-0.609787079,-0.484842827,0.793177469,-0.956189585,1.322794728,-0.412711333,-0.099804817,PF
Cameron Johnson,PHO,9.6,2,1,1,-0.68111447,0.886029424,-0.510347606,-0.217395409,0.342391963,-0.71192836,0.163194977,-0.412711333,-0.099804817,PF
Cameron Johnson,PHO,12.5,3,1,1,0.04533567,1.174235226,-0.46062787,0.076796751,1.557552893,-0.617981736,0.863915682,-0.412711333,-0.099804817,PF
Cameron Johnson,BRK,13.4,5,1,1,1.49823595,1.750646828,-0.013150242,0.264009944,0.71477999,-0.223405911,0.026771476,-0.412711333,-0.099804817,PF
Coby White,CHI,13.2,1,1,0,-1.40756461,0.597823623,0.136008967,0.023307268,-0.774772117,0.678481687,0.925926364,-0.412711333,-0.929047312,PG
Coby White,CHI,15.1,2,1,0,-0.68111447,0.886029424,1.180123431,0.745415296,-0.108393543,0.321484513,0.653079364,-0.412711333,-0.929047312,PG
Coby White,CHI,12.7,3,1,0,0.04533567,1.174235226,0.23544844,0.250637573,0.361991333,-0.185827261,0.398835568,-0.412711333,-0.929047312,PG
Coby White,CHI,9.7,4,1,0,0.77178581,1.462441027,0.185728703,-0.297629634,0.518786292,-0.542824436,0.529058,-0.412711333,-0.929047312,SG
Coby White,CHI,19.1,5,1,0,1.49823595,1.750646828,1.329282641,1.454150954,0.479587552,0.359063162,-0.165461638,-0.412711333,-0.929047312,PG
Collin Sexton,CLE,16.7,1,0,0,-1.40756461,0.309617822,0.285168176,0.825649522,-0.50038094,0.828796286,-0.032138671,-1.267341261,-0.929047312,PG
Collin Sexton,CLE,20.8,2,0,0,-0.68111447,0.597823623,0.285168176,0.986117972,0.283593854,1.204582786,0.525957466,-1.267341261,-0.929047312,PG
Collin Sexton,CLE,24.3,3,0,0,0.04533567,0.886029424,0.981244486,1.293682503,0.538385661,1.67431591,0.15079284,-1.267341261,-0.929047312,SG
Collin Sexton,UTA,14.3,4,0,0,0.77178581,1.462441027,0.23544844,-0.23076778,1.381158564,0.490588437,1.099556274,-1.267341261,-0.929047312,PG
D'Angelo Russell,LAL,13.2,1,0,0,-1.40756461,-0.554999581,0.434327385,0.344244169,-0.755172748,0.622113712,-0.286382467,-1.267341261,-0.929047312,PG
D'Angelo Russell,LAL,15.6,2,0,0,-0.68111447,-0.26679378,1.180123431,0.411106024,-0.539579679,1.091846836,0.553862273,-1.267341261,-0.929047312,PG
D'Angelo Russell,BRK,15.5,3,0,0,0.04533567,0.021412021,1.379002377,0.009934897,-0.715974008,1.880998484,0.677883637,-1.267341261,-0.929047312,PG
D'Angelo Russell,BRK,21.1,4,0,0,0.77178581,0.309617822,2.273957632,0.611691587,-0.245589132,2.087681059,1.254582978,-1.267341261,-0.929047312,PG
Dante Exum,UTA,4.8,1,1,2,-1.40756461,-0.843205383,-0.013150242,-0.458098085,-1.735141239,-1.313186759,-1.976173549,-0.412711333,0.729437677,PG
Dante Exum,UTA,6.2,2,1,2,-0.68111447,-0.26679378,-0.361188397,-0.939503437,-0.48078157,-0.505245786,-1.669220674,-0.412711333,0.729437677,PG
Dante Exum,UTA,6.9,3,1,2,0.04533567,0.309617822,0.08628923,-1.313929823,-0.578778419,0.096012613,1.04374666,-0.412711333,0.729437677,PG
Dante Exum,CLE,5.6,4,1,2,0.77178581,0.597823623,-0.510347606,-1.180206114,0.910773688,-1.200450809,0.525957466,-0.412711333,0.729437677,SG
Dario Šarić,PHI,12.8,1,2,0,-1.40756461,-0.26679378,-0.112589715,0.090169122,-0.735573378,0.716060337,0.494952125,0.441918596,-0.929047312,PF
Dario Šarić,PHI,14.6,2,2,0,-0.68111447,0.021412021,0.08628923,0.531457362,0.71477999,0.020855313,1.015841853,0.441918596,-0.929047312,PF
Dario Šarić,MIN,10.5,3,2,0,0.04533567,0.309617822,-0.46062787,-0.23076778,0.65598188,-0.561613761,1.056148796,0.441918596,-0.929047312,PF
Dario Šarić,PHO,10.7,4,2,0,0.77178581,0.597823623,-0.261748924,-0.123788812,0.910773688,-0.561613761,1.322794728,0.441918596,-0.929047312,PF
Dario Šarić,PHO,8.7,5,2,0,1.49823595,0.886029424,-0.560067343,-1.099971888,0.420789442,0.340273837,0.163194977,0.441918596,-0.929047312,C
Darius Garland,CLE,12.3,1,0,0,-1.40756461,0.597823623,0.732645804,0.705298183,-0.931567076,-0.016723337,0.525957466,-1.267341261,-0.929047312,SG
Darius Garland,CLE,17.4,2,0,0,-0.68111447,0.886029424,1.826480005,0.999490343,0.028802046,0.772428312,0.15079284,-1.267341261,-0.929047312,PG
Darius Garland,CLE,21.7,3,0,0,0.04533567,1.174235226,3.069473415,1.347171987,0.597183771,1.317318735,-0.199567513,-1.267341261,-0.929047312,PG
Darius Garland,CLE,21.6,4,0,0,0.77178581,1.462441027,2.671715523,1.320427245,0.812776839,1.148214811,-0.373197422,-1.267341261,-0.929047312,PG
Darius Garland,CLE,18,5,0,0,1.49823595,1.750646828,2.02535895,1.039607456,0.283593854,0.847585611,0.045374681,-1.267341261,-0.929047312,PG
De'Aaron Fox,SAC,11.6,1,1,0,-1.40756461,0.021412021,0.981244486,0.290754686,-1.323554473,0.490588437,-0.611938547,-0.412711333,-0.929047312,PG
De'Aaron Fox,SAC,17.3,2,1,0,-0.68111447,0.309617822,2.423116841,0.772160038,-0.029996064,0.697271012,1.986309025,-0.412711333,-0.929047312,PG
De'Aaron Fox,SAC,21.1,3,1,0,0.04533567,0.597823623,2.174518159,0.852394263,0.244395114,1.693105235,0.659280432,-0.412711333,-0.929047312,PG
De'Aaron Fox,SAC,25.2,4,1,0,0.77178581,0.886029424,2.373397105,1.266937761,0.381590703,1.918577134,1.003439717,-0.412711333,-0.929047312,PG
De'Aaron Fox,SAC,23.2,5,1,0,1.49823595,1.174235226,1.577881323,1.293682503,0.068000785,1.56157996,0.814307137,-0.412711333,-0.929047312,PG
De'Andre Hunter,ATL,12.3,1,0,1,-1.40756461,0.597823623,-0.311468661,0.852394263,-0.48078157,-0.617981736,1.800276979,-1.267341261,-0.099804817,SF
De'Andre Hunter,ATL,15,2,0,1,-0.68111447,0.886029424,-0.261748924,0.518084991,1.126366756,-0.110669962,0.374031295,-1.267341261,-0.099804817,SF
De'Andre Hunter,ATL,13.4,3,0,1,0.04533567,1.174235226,-0.560067343,0.558202104,0.028802046,-0.167037936,0.370930761,-1.267341261,-0.099804817,SF
De'Andre Hunter,ATL,15.4,4,0,1,0.77178581,1.462441027,-0.510347606,0.812277151,0.342391963,-0.204616586,1.266985115,-1.267341261,-0.099804817,SF
De'Andre Hunter,ATL,15.6,5,0,1,1.49823595,1.750646828,-0.46062787,0.518084991,0.969571798,-0.035512662,1.04374666,-1.267341261,-0.099804817,SF
Deandre Ayton,PHO,16.3,1,0,0,-1.40756461,0.309617822,-0.311468661,0.678553442,1.224363605,0.077223288,1.139863217,-1.267341261,-0.929047312,C
Deandre Ayton,PHO,18.2,2,0,0,-0.68111447,0.597823623,-0.261748924,0.919256118,0.440388812,0.546956412,1.322794728,-1.267341261,-0.929047312,C
Deandre Ayton,PHO,14.4,3,0,0,0.04533567,0.886029424,-0.510347606,0.678553442,2.106335248,-0.486456461,0.163194977,-1.267341261,-0.929047312,C
Deandre Ayton,PHO,17.2,4,0,0,0.77178581,1.174235226,-0.510347606,0.518084991,2.165133357,0.114801938,0.863915682,-1.267341261,-0.929047312,C
Deandre Ayton,PHO,18,5,0,0,1.49823595,1.462441027,-0.361188397,0.638436329,1.400757934,0.396641812,0.420539307,-1.267341261,-0.929047312,C
Deni Avdija,WAS,6.3,1,0,1,-1.40756461,0.886029424,-0.609787079,-0.311002005,-0.598377789,-1.651394608,2.231251219,-1.267341261,-0.099804817,SF
Deni Avdija,WAS,8.4,2,0,1,-0.68111447,1.174235226,-0.212029188,-0.190650667,-0.186791022,-0.843453635,0.101184295,-1.267341261,-0.099804817,SF
Deni Avdija,WAS,9.2,3,0,1,0.04533567,1.462441027,0.185728703,0.130286235,-0.206390392,-0.768296335,0.522856932,-1.267341261,-0.099804817,SF
Deni Avdija,WAS,14.7,4,0,1,0.77178581,1.750646828,0.682926067,0.598319216,1.008770537,-0.110669962,1.735165763,-1.267341261,-0.099804817,SF
Deni Avdija,POR,16.9,5,0,1,1.49823595,2.038852629,0.732645804,0.584946845,1.165565496,0.453009787,0.631375625,-1.267341261,-0.099804817,SF
Denzel Valentine,CHI,5.1,1,2,4,-1.40756461,-0.26679378,-0.659506816,-1.140089001,-1.049163295,-1.01255756,-0.450710774,0.441918596,2.387922666,SG
Denzel Valentine,CHI,10.2,2,2,4,-0.68111447,0.021412021,0.384607649,0.21052046,-0.363185351,-0.617981736,0.364729693,0.441918596,2.387922666,SG
Denzel Valentine,CHI,6.8,3,2,4,0.04533567,0.597823623,-0.609787079,-1.608121982,-0.676775268,0.471799112,0.925926364,0.441918596,2.387922666,SF
Denzel Valentine,CHI,6.5,4,2,4,0.77178581,0.886029424,-0.361188397,-1.193578484,-1.303955103,-0.242195236,0.653079364,0.441918596,2.387922666,SG
Denzel Valentine,CLE,2.9,5,2,4,1.49823595,1.174235226,-0.957825234,-2.183133931,-0.578778419,-0.97497891,-0.199567513,0.441918596,2.387922666,SG
Devin Booker,PHO,13.8,1,2,0,-1.40756461,-0.554999581,0.08628923,0.277382315,-0.206390392,0.415431137,0.594169216,0.441918596,-0.929047312,SG
Devin Booker,PHO,22.1,2,2,0,-0.68111447,-0.26679378,0.484047122,1.25356539,-0.284787872,1.467633335,1.046847194,0.441918596,-0.929047312,SG
Devin Booker,PHO,24.9,3,2,0,0.04533567,0.021412021,1.130403695,1.186703536,0.303193223,2.050102409,1.136762683,0.441918596,-0.929047312,SG
Devin Booker,PHO,26.6,4,2,0,0.77178581,0.309617822,2.174518159,1.25356539,0.75397873,2.275574308,1.139863217,0.441918596,-0.929047312,SG
Devin Booker,PHO,26.6,5,2,0,1.49823595,0.597823623,2.02535895,1.373916729,1.420357304,1.730683885,1.322794728,0.441918596,-0.929047312,SG
Devin Vassell,SAS,5.5,1,1,1,-1.40756461,0.886029424,-0.758946288,-1.153461372,-0.42198346,-1.219240134,0.612772421,-0.412711333,-0.099804817,SF
Devin Vassell,SAS,12.3,2,1,1,-0.68111447,1.174235226,-0.261748924,0.223892831,-0.108393543,-0.354931186,0.941429035,-0.412711333,-0.099804817,SF
Devin Vassell,SAS,18.5,3,1,1,0.04533567,1.462441027,0.583486594,0.718670554,0.087600155,0.678481687,1.425112354,-0.412711333,-0.099804817,SG
Devin Vassell,SAS,19.5,4,1,1,0.77178581,1.750646828,0.832085277,0.999490343,0.636382511,0.509377762,1.341397933,-0.412711333,-0.099804817,SG
Devin Vassell,SAS,16.3,5,1,1,1.49823595,2.038852629,0.23544844,0.718670554,0.146398265,0.246327213,0.808106069,-0.412711333,-0.099804817,SG
Donovan Mitchell,UTA,20.5,1,0,0,-1.40756461,0.021412021,0.633206331,1.039607456,-0.088794173,1.56157996,-0.277080865,-1.267341261,-0.929047312,SG
Donovan Mitchell,UTA,23.8,2,0,0,-0.68111447,0.309617822,0.881805013,1.079724569,-0.167191653,2.031313084,1.04374666,-1.267341261,-0.929047312,SG
Donovan Mitchell,UTA,24,3,0,0,0.04533567,0.597823623,0.931524749,1.159958794,0.244395114,1.880998484,0.519756398,-1.267341261,-0.929047312,SG
Donovan Mitchell,UTA,26.4,4,0,0,0.77178581,0.886029424,1.379002377,1.039607456,0.459988182,2.388310258,0.587968148,-1.267341261,-0.929047312,PG
Donovan Mitchell,UTA,25.9,5,0,0,1.49823595,1.174235226,1.428722113,1.09309694,0.518786292,2.275574308,0.008168272,-1.267341261,-0.929047312,SG
Doug McDermott,CHI,3,1,2,2,-1.40756461,-0.843205383,-1.106984443,-2.236623415,-1.284355733,-0.467667136,-1.139029344,0.441918596,0.729437677,SF
Doug McDermott,CHI,9.4,2,2,2,-0.68111447,-0.554999581,-0.858385761,-0.351119118,0.303193223,-0.655560385,-0.270879797,0.441918596,0.729437677,SF
Doug McDermott,CHI,10.2,3,2,2,0.04533567,-0.26679378,-0.709226552,-0.150533554,0.185597004,-0.599192411,-0.450710774,0.441918596,0.729437677,SF
Doug McDermott,OKC,6.6,3,2,2,0.04533567,-0.26679378,-0.908105498,-0.819152099,0.107199525,-1.350765409,0.21900459,0.441918596,0.729437677,SF
Doug McDermott,DAL,9,4,2,2,0.77178581,0.021412021,-0.659506816,-0.364491489,1.283161715,-0.843453635,-0.292583535,0.441918596,0.729437677,SF
Doug McDermott,NYK,7.2,4,2,2,0.77178581,0.021412021,-0.758946288,-0.578449423,0.322792593,-1.200450809,0.051575749,0.441918596,0.729437677,SF
Doug McDermott,IND,7.3,5,2,2,1.49823595,0.309617822,-0.758946288,-1.099971888,1.400757934,-0.843453635,0.361629159,0.441918596,0.729437677,SF
Dragan Bender,PHO,3.4,1,2,1,-1.40756461,-0.26679378,-0.957825234,-1.648239095,-2.068330526,-1.200450809,1.046847194,0.441918596,-0.099804817,PF
Dragan Bender,PHO,6.5,2,2,1,-0.68111447,0.021412021,-0.410908134,-0.056926958,-0.42198346,-1.519869334,1.136762683,0.441918596,-0.099804817,PF
Dragan Bender,PHO,5,3,2,1,0.04533567,0.309617822,-0.609787079,-1.019737663,-0.48078157,-1.388344059,1.139863217,0.441918596,-0.099804817,PF
Elfrid Payton,ORL,8.9,1,0,0,-1.40756461,-0.843205383,2.02535895,0.638436329,-1.754740609,-0.467667136,-0.918891423,-1.267341261,-0.929047312,PG
Elfrid Payton,ORL,10.7,2,0,0,-0.68111447,-0.554999581,1.975639214,0.50471262,-1.323554473,-0.073091312,-0.246075524,-1.267341261,-0.929047312,PG
Elfrid Payton,ORL,12.8,3,0,0,0.04533567,-0.26679378,2.02535895,0.50471262,-0.50038094,0.152380588,-0.177863774,-1.267341261,-0.929047312,PG
Elfrid Payton,ORL,13,4,0,0,0.77178581,0.021412021,1.925919477,0.397733653,0.361991333,0.189959238,0.343025954,-1.267341261,-0.929047312,PG
Elfrid Payton,PHO,11.8,4,0,0,0.77178581,0.021412021,1.876199741,0.451223136,-1.264756363,0.246327213,1.136762683,-1.267341261,-0.929047312,PG
Elfrid Payton,NOP,10.6,5,0,0,1.49823595,0.309617822,2.572276051,0.558202104,-0.853169597,-0.467667136,1.989409559,-1.267341261,-0.929047312,PG
Emmanuel Mudiay,DEN,12.8,1,1,1,-1.40756461,-0.554999581,1.528161586,0.638436329,-2.127128636,0.922742911,-0.351493683,-0.412711333,-0.099804817,PG
Emmanuel Mudiay,DEN,11,2,1,1,-0.68111447,-0.26679378,0.732645804,-0.003437474,-1.225557624,0.340273837,0.529058,-0.412711333,-0.099804817,PG
Emmanuel Mudiay,DEN,8.5,3,1,1,0.04533567,0.021412021,0.23544844,-1.033110034,-0.813970857,0.753638987,0.06707842,-0.412711333,-0.099804817,PG
Emmanuel Mudiay,NYK,8.8,3,1,1,0.04533567,0.021412021,0.732645804,-0.431353343,-2.303522964,0.546956412,0.051575749,-0.412711333,-0.099804817,PG
Emmanuel Mudiay,NYK,14.8,4,1,1,0.77178581,0.309617822,0.732645804,0.21052046,-0.284787872,0.903953586,0.832910341,-0.412711333,-0.099804817,PG
Emmanuel Mudiay,UTA,7.3,5,1,1,1.49823595,0.597823623,-0.162309452,-1.327302193,-0.049595434,0.340273837,0.519756398,-0.412711333,-0.099804817,PG
Frank Kaminsky,CHO,7.5,1,2,1,-1.40756461,-0.554999581,-0.609787079,-0.605194165,-0.637576529,-0.693139035,-0.382499024,0.441918596,-0.099804817,C
Frank Kaminsky,CHO,11.7,2,2,1,-0.68111447,-0.26679378,-0.112589715,0.06342438,-0.853169597,0.189959238,-0.481716115,0.441918596,-0.099804817,C
Frank Kaminsky,CHO,11.1,3,2,1,0.04533567,0.021412021,-0.410908134,-0.324374376,-0.010396694,-0.054301987,0.367830227,0.441918596,-0.099804817,PF
Frank Kaminsky,CHO,8.6,4,2,1,0.77178581,0.309617822,-0.560067343,-1.27381271,0.812776839,0.246327213,0.529058,0.441918596,-0.099804817,C
Frank Kaminsky,PHO,9.7,5,2,1,1.49823595,0.597823623,-0.261748924,-0.765662616,-0.010396694,0.039644638,1.322794728,0.441918596,-0.099804817,C
Frank Ntilikina,NYK,5.9,1,3,4,-1.40756461,0.021412021,0.384607649,-0.498215198,-2.127128636,-0.730717685,0.051575749,1.296548525,2.387922666,PG
Frank Ntilikina,NYK,5.7,2,3,4,-0.68111447,0.309617822,0.185728703,-0.618566536,-2.519116032,-0.78708566,0.832910341,1.296548525,2.387922666,PG
Frank Ntilikina,NYK,6.3,3,3,4,0.04533567,0.597823623,0.285168176,-0.645311277,-0.951166446,-1.01255756,0.507354261,1.296548525,2.387922666,PG
Frank Ntilikina,NYK,2.7,4,3,4,0.77178581,0.886029424,-0.908105498,-2.116272077,-0.657175898,-1.350765409,-0.357694751,1.296548525,2.387922666,PG
Frank Ntilikina,DAL,4.1,5,3,4,1.49823595,1.174235226,-0.609787079,-1.848824659,-0.637576529,-0.63677106,-0.56853107,1.296548525,2.387922666,SG
Isaac Okoro,CLE,9.6,1,1,1,-1.40756461,0.886029424,-0.261748924,0.905883747,-0.617977159,-1.219240134,0.15079284,-0.412711333,-0.099804817,SG
Isaac Okoro,CLE,8.8,2,1,1,-0.68111447,1.174235226,-0.311468661,0.531457362,0.851975579,-1.576237309,-0.199567513,-0.412711333,-0.099804817,SF
Isaac Okoro,CLE,6.4,3,1,1,0.04533567,1.462441027,-0.659506816,-0.524959939,1.341959824,-1.670183933,-0.373197422,-0.412711333,-0.099804817,SF
Isaac Okoro,CLE,9.4,4,1,1,0.77178581,1.750646828,-0.261748924,0.223892831,1.047969277,-1.294397434,0.045374681,-0.412711333,-0.099804817,SF
Isaac Okoro,CLE,6.1,5,1,1,1.49823595,2.038852629,-0.609787079,-0.872641583,0.812776839,-1.557447984,0.879418353,-0.412711333,-0.099804817,SG
Ja Morant,MEM,17.8,1,0,0,-1.40756461,0.597823623,2.423116841,0.718670554,0.205196374,0.960321561,1.809578581,-1.267341261,-0.929047312,PG
Ja Morant,MEM,19.1,2,0,0,-0.68111447,0.886029424,2.472836578,0.932628489,-0.167191653,1.204582786,1.022042921,-1.267341261,-0.929047312,PG
Ja Morant,MEM,27.4,3,0,0,0.04533567,1.174235226,2.124798423,0.999490343,0.577584401,2.425888908,0.944529569,-1.267341261,-0.929047312,PG
Ja Morant,MEM,26.2,4,0,0,0.77178581,1.462441027,2.820874733,0.839021893,0.224795744,2.651360808,1.24838191,-1.267341261,-0.929047312,PG
Jabari Parker,MIL,12.3,1,0,0,-1.40756461,-0.843205383,-0.361188397,0.518084991,-0.363185351,-0.016723337,-0.822774866,-1.267341261,-0.929047312,PF
Jabari Parker,MIL,14.1,2,0,0,-0.68111447,-0.554999581,-0.361188397,0.812277151,-0.206390392,0.020855313,-0.751462582,-1.267341261,-0.929047312,PF
Jabari Parker,MIL,20.1,3,0,0,0.04533567,-0.26679378,0.185728703,1.106469311,0.342391963,1.073057511,-0.770065786,-1.267341261,-0.929047312,PF
Jabari Parker,MIL,12.6,4,0,0,0.77178581,0.021412021,-0.261748924,-0.217395409,0.087600155,0.678481687,-0.137556831,-1.267341261,-0.929047312,PF
Jabari Parker,CHI,14.3,5,0,0,1.49823595,0.309617822,-0.112589715,0.143658606,-0.049595434,0.791217637,0.566264409,-1.267341261,-0.929047312,PF
Jabari Parker,WAS,15,5,0,0,1.49823595,0.309617822,0.136008967,0.223892831,0.812776839,0.603324387,1.474720899,-1.267341261,-0.929047312,PF
Jahlil Okafor,PHI,17.5,1,1,2,-1.40756461,-0.554999581,-0.609787079,0.584946845,-0.186791022,1.223372111,0.299618477,-0.412711333,1.558680172,C
Jahlil Okafor,PHI,11.8,2,1,2,-0.68111447,-0.26679378,-0.609787079,-0.39123623,0.009202676,0.622113712,0.494952125,-0.412711333,1.558680172,C
Jahlil Okafor,BRK,6.4,3,1,2,0.04533567,0.021412021,-1.00754497,-1.741845691,0.930373058,0.020855313,0.677883637,-0.412711333,1.558680172,C
Jahlil Okafor,NOP,8.2,4,1,2,0.77178581,0.309617822,-0.858385761,-1.313929823,1.126366756,-0.167037936,1.989409559,-0.412711333,1.558680172,C
Jahlil Okafor,NOP,8.1,5,1,2,1.49823595,0.597823623,-0.609787079,-1.340674564,1.89074218,-0.167037936,1.989409559,-0.412711333,1.558680172,C
Jakob Poeltl,TOR,3.1,1,2,1,-1.40756461,-0.26679378,-1.106984443,-1.8755694,0.851975579,-1.632605283,-0.639843354,0.441918596,-0.099804817,C
Jakob Poeltl,TOR,6.9,2,2,1,-0.68111447,0.021412021,-0.858385761,-0.939503437,2.282729576,-1.125293509,0.169396045,0.441918596,-0.099804817,C
Jakob Poeltl,SAS,5.5,3,2,1,0.04533567,0.309617822,-0.609787079,-1.220323226,1.85154344,-1.444712034,0.436041977,0.441918596,-0.099804817,C
Jakob Poeltl,SAS,5.6,4,2,1,0.77178581,0.597823623,-0.311468661,-1.059854775,1.302761085,-1.425922709,1.136762683,0.441918596,-0.099804817,C
Jakob Poeltl,SAS,8.6,5,2,1,1.49823595,0.886029424,-0.261748924,0.143658606,1.302761085,-1.388344059,0.612772421,0.441918596,-0.099804817,C
Jamal Murray,DEN,9.9,1,2,0,-1.40756461,-0.26679378,-0.162309452,-0.551704681,-0.539579679,0.152380588,0.529058,0.441918596,-0.929047312,SG
Jamal Murray,DEN,16.7,2,2,0,-0.68111447,0.021412021,0.484047122,0.812277151,0.597183771,0.377852487,0.06707842,0.441918596,-0.929047312,PG
Jamal Murray,DEN,18.2,3,2,0,0.04533567,0.309617822,1.180123431,0.932628489,-0.147592283,0.772428312,0.315121147,0.441918596,-0.929047312,PG
Jamal Murray,DEN,18.5,4,2,0,0.77178581,0.597823623,1.180123431,0.892511376,0.263994484,0.828796286,0.051575749,0.441918596,-0.929047312,PG
Jamal Murray,DEN,21.2,5,2,0,1.49823595,0.886029424,1.180123431,1.320427245,0.910773688,0.753638987,0.08258109,0.441918596,-0.929047312,PG
Jaren Jackson Jr.,MEM,13.8,1,2,1,-1.40756461,0.309617822,-0.659506816,0.06342438,0.891174318,0.377852487,-0.100350422,0.441918596,-0.099804817,PF
Jaren Jackson Jr.,MEM,17.4,2,2,1,-0.68111447,0.597823623,-0.510347606,0.384361282,0.930373058,0.603324387,1.809578581,0.441918596,-0.099804817,C
Jaren Jackson Jr.,MEM,16.3,3,2,1,0.04533567,1.174235226,-0.659506816,0.223892831,-0.206390392,0.866374936,0.944529569,0.441918596,-0.099804817,PF
Jaren Jackson Jr.,MEM,18.6,4,2,1,0.77178581,1.462441027,-0.709226552,0.370988911,1.322360455,0.734849662,1.24838191,0.441918596,-0.099804817,C
Jarrett Culver,MIN,9.2,1,2,4,-1.40756461,0.597823623,-0.361188397,-0.23076778,-1.539147541,-0.298563211,2.00491223,0.441918596,2.387922666,SG
Jarrett Culver,MIN,5.3,2,2,4,-0.68111447,0.886029424,-0.858385761,-1.461025902,-1.362753212,-0.486456461,1.391006479,0.441918596,2.387922666,SG
Jarrett Culver,MEM,3.5,3,2,4,0.04533567,1.174235226,-0.758946288,-2.209878673,-2.205526115,-0.035512662,0.944529569,0.441918596,2.387922666,SG
Jaxson Hayes,NOP,7.4,1,3,2,-1.40756461,0.597823623,-0.758946288,-1.166833743,2.811912562,-1.08771486,1.989409559,1.296548525,0.729437677,C
Jaxson Hayes,NOP,7.5,2,3,2,-0.68111447,0.886029424,-0.908105498,-1.27381271,2.537521384,-0.86224296,0.950730637,1.296548525,0.729437677,C
Jaxson Hayes,NOP,9.3,3,3,2,0.04533567,1.174235226,-0.908105498,-0.752290245,2.635518233,-0.82466431,0.169396045,1.296548525,0.729437677,C
Jaxson Hayes,NOP,5,4,3,2,0.77178581,1.462441027,-0.858385761,-1.688356208,1.165565496,-0.956189585,0.653079364,1.296548525,0.729437677,C
Jaxson Hayes,LAL,4.3,5,3,2,1.49823595,1.750646828,-0.957825234,-1.755218062,3.380294287,-1.557447984,1.211175501,1.296548525,0.729437677,C
Jaylen Brown,BOS,6.6,1,1,1,-1.40756461,-0.26679378,-0.808666025,-1.12671663,-0.127992913,-0.505245786,-0.081747217,-0.412711333,-0.099804817,SF
Jaylen Brown,BOS,14.5,2,1,1,-0.68111447,0.021412021,-0.410908134,0.678553442,0.322792593,0.114801938,-0.224371785,-0.412711333,-0.099804817,SG
Jaylen Brown,BOS,13,3,1,1,0.04533567,0.309617822,-0.510347606,0.036679638,0.028802046,0.246327213,0.916624762,-0.412711333,-0.099804817,SG
Jaylen Brown,BOS,20.3,4,1,1,0.77178581,0.597823623,-0.162309452,1.106469311,0.73437936,0.734849662,0.758497523,-0.412711333,-0.099804817,SG
Jaylen Brown,BOS,24.7,5,1,1,1.49823595,0.886029424,0.484047122,1.186703536,0.793177469,1.67431591,0.454645182,-0.412711333,-0.099804817,SG
Jayson Tatum,BOS,13.9,1,0,0,-1.40756461,0.021412021,-0.410908134,0.6518087,0.793177469,-0.260984561,-0.224371785,-1.267341261,-0.929047312,SF
Jayson Tatum,BOS,15.7,2,0,0,-0.68111447,0.309617822,-0.162309452,0.732042925,0.028802046,0.246327213,0.916624762,-1.267341261,-0.929047312,SF
Jayson Tatum,BOS,23.4,3,0,0,0.04533567,0.597823623,0.285168176,1.159958794,0.420789442,1.467633335,0.758497523,-1.267341261,-0.929047312,PF
Jayson Tatum,BOS,26.4,4,0,0,0.77178581,0.886029424,0.931524749,1.360544358,0.597183771,1.880998484,0.454645182,-1.267341261,-0.929047312,SF
Jayson Tatum,BOS,26.9,5,0,0,1.49823595,1.174235226,0.981244486,1.373916729,0.636382511,2.125259709,-0.066244546,-1.267341261,-0.929047312,SF
Joel Embiid,PHI,20.2,1,2,0,-1.40756461,-0.26679378,-0.162309452,-0.030182216,0.75397873,2.858043382,0.494952125,0.441918596,-0.929047312,C
Joel Embiid,PHI,22.9,2,2,0,-0.68111447,0.021412021,0.384607649,0.625063958,0.538385661,2.369520933,1.015841853,0.441918596,-0.929047312,C
Joel Embiid,PHI,27.5,3,2,0,0.04533567,0.309617822,0.633206331,1.079724569,0.930373058,2.350731608,1.586340127,0.441918596,-0.929047312,C
Joel Embiid,PHI,23,4,2,0,0.77178581,0.597823623,0.285168176,0.518084991,0.871574948,2.275574308,0.656179898,0.441918596,-0.929047312,C
Joel Embiid,PHI,28.5,5,2,0,1.49823595,0.886029424,0.185728703,0.732042925,1.773145961,2.726518107,0.820508205,0.441918596,-0.929047312,C
Jonathan Isaac,ORL,5.4,1,1,1,-1.40756461,0.021412021,-0.858385761,-0.765662616,-1.578346281,-1.08771486,0.343025954,-0.412711333,-0.099804817,PF
Jonathan Isaac,ORL,9.6,2,1,1,-0.68111447,0.309617822,-0.659506816,0.130286235,-0.167191653,-0.843453635,0.364729693,-0.412711333,-0.099804817,PF
Jonathan Isaac,ORL,11.9,3,1,1,0.04533567,0.597823623,-0.510347606,0.424478395,0.126798895,-0.467667136,0.470147852,-0.412711333,-0.099804817,PF
Jonathan Isaac,ORL,6.8,4,1,1,0.77178581,1.750646828,-0.957825234,-1.313929823,1.263562345,-0.768296335,-0.032138671,-0.412711333,-0.099804817,PF
Josh Jackson,PHO,13.1,1,1,1,-1.40756461,0.021412021,-0.46062787,-0.030182216,-1.284355733,0.979110886,1.136762683,-0.412711333,-0.099804817,SF
Josh Jackson,PHO,11.5,2,1,1,-0.68111447,0.309617822,-0.062869979,-0.056926958,-1.147160144,0.584535062,1.139863217,-0.412711333,-0.099804817,SG
Josh Jackson,MEM,9,3,1,1,0.04533567,0.597823623,-0.410908134,-1.113344259,0.028802046,0.377852487,1.809578581,-0.412711333,-0.099804817,SF
Josh Jackson,DET,13.4,4,1,1,0.77178581,0.886029424,-0.062869979,-0.056926958,-0.578778419,1.073057511,0.222105124,-0.412711333,-0.099804817,SG
Josh Jackson,DET,7.1,5,1,1,1.49823595,1.174235226,-0.560067343,-1.006365292,-0.872768967,-0.336141861,0.414338238,-0.412711333,-0.099804817,SF
Julius Randle,LAL,11.3,1,3,0,-1.40756461,-0.554999581,-0.311468661,0.344244169,-1.245156993,0.077223288,-0.286382467,1.296548525,-0.929047312,PF
Julius Randle,LAL,13.2,2,3,0,-0.68111447,-0.26679378,0.583486594,0.424478395,-0.049595434,0.114801938,0.553862273,1.296548525,-0.929047312,PF
Julius Randle,LAL,16.1,3,3,0,0.04533567,0.021412021,0.08628923,0.143658606,1.185164866,0.847585611,1.062349864,1.296548525,-0.929047312,C
Julius Randle,NOP,21.4,4,3,0,0.77178581,0.309617822,0.334887912,0.665181071,1.067568647,1.317318735,1.989409559,1.296548525,-0.929047312,PF
Justise Winslow,MIA,6.4,1,1,0,-1.40756461,-0.554999581,-0.46062787,0.397733653,-1.107961405,-1.557447984,-1.033611184,-0.412711333,-0.929047312,SF
Justise Winslow,MIA,10.9,2,1,0,-0.68111447,-0.26679378,0.633206331,1.213448278,-2.871904689,-0.185827261,-0.608838013,-0.412711333,-0.929047312,SF
Justise Winslow,MIA,7.8,3,1,0,0.04533567,0.021412021,-0.112589715,-0.123788812,-0.970765816,-0.843453635,-0.425906502,-0.412711333,-0.929047312,PF
Justise Winslow,MIA,12.6,4,1,0,0.77178581,0.309617822,0.931524749,0.544829733,-0.637576529,0.002065988,0.389533966,-0.412711333,-0.929047312,SF
Karl-Anthony Towns,MIN,18.3,1,1,0,-1.40756461,-0.554999581,-0.212029188,0.852394263,0.871574948,0.772428312,-0.394901161,-0.412711333,-0.929047312,C
Karl-Anthony Towns,MIN,25.1,2,1,0,-0.68111447,-0.26679378,0.136008967,1.521012808,1.420357304,1.260950761,-0.618139615,-0.412711333,-0.929047312,C
Karl-Anthony Towns,MIN,21.3,3,1,0,0.04533567,0.021412021,-0.013150242,1.333799616,1.969139659,0.396641812,-0.224371785,-0.412711333,-0.929047312,C
Karl-Anthony Towns,MIN,24.4,4,1,0,0.77178581,0.309617822,0.484047122,0.999490343,1.498754783,1.52400131,1.056148796,-0.412711333,-0.929047312,C
Karl-Anthony Towns,MIN,26.5,5,1,0,1.49823595,0.597823623,0.981244486,1.106469311,1.89074218,1.505211985,2.00491223,-0.412711333,-0.929047312,C
Kevin Knox,NYK,12.8,1,1,2,-1.40756461,0.309617822,-0.659506816,0.424478395,-1.382352582,0.283905863,0.832910341,-0.412711333,0.729437677,PF
Kevin Knox,NYK,6.4,2,1,2,-0.68111447,0.597823623,-0.758946288,-1.033110034,-1.480349431,-0.561613761,0.507354261,-0.412711333,0.729437677,SF
Kevin Knox,NYK,3.9,3,1,2,0.04533567,0.886029424,-0.957825234,-1.955803626,-0.167191653,-0.86224296,-0.357694751,-0.412711333,0.729437677,SF
Kevin Knox,ATL,2.7,4,1,2,0.77178581,1.174235226,-1.00754497,-2.557560316,-1.735141239,-0.035512662,0.370930761,-0.412711333,0.729437677,SF
Kevin Knox,DET,5.6,5,1,2,1.49823595,1.462441027,-1.00754497,-1.541260128,1.302761085,-0.86224296,0.746095387,-0.412711333,0.729437677,SF
Kevin Knox,POR,8.5,5,1,2,1.49823595,1.462441027,-0.758946288,-1.140089001,-0.108393543,0.246327213,0.550761739,-0.412711333,0.729437677,PF
Killian Hayes,DET,6.8,1,3,3,-1.40756461,0.886029424,1.428722113,0.023307268,-2.421119183,-0.336141861,0.222105124,1.296548525,1.558680172,PG
Killian Hayes,DET,6.9,2,3,3,-0.68111447,1.174235226,0.881805013,-0.0836717,-1.65674376,-0.956189585,0.414338238,1.296548525,1.558680172,PG
Killian Hayes,DET,10.3,3,3,3,0.04533567,1.462441027,1.876199741,0.35761654,-1.774339979,-0.054301987,0.746095387,1.296548525,1.558680172,PG
Killian Hayes,DET,6.9,4,3,3,0.77178581,1.750646828,1.229843168,-0.217395409,-1.401951952,-1.068925535,0.92282583,1.296548525,1.558680172,PG
Kira Lewis Jr.,NOP,6.4,1,2,3,-1.40756461,0.886029424,-0.062869979,-1.193578484,-1.343153843,-0.467667136,0.950730637,0.441918596,1.558680172,PG
Kira Lewis Jr.,NOP,5.9,2,2,3,-0.68111447,1.174235226,-0.212029188,-1.527887757,-1.558746911,0.283905863,0.169396045,0.441918596,1.558680172,PG
Kira Lewis Jr.,NOP,4.6,3,2,3,0.04533567,1.462441027,-0.758946288,-2.16976156,0.75397873,-0.204616586,0.653079364,0.441918596,1.558680172,PG
Kira Lewis Jr.,NOP,2.9,4,2,3,0.77178581,1.750646828,-0.609787079,-2.143016818,-3.107097127,-0.223405911,0.380232363,0.441918596,1.558680172,PG
Kristaps Porziņģis,NYK,14.3,1,0,0,-1.40756461,-0.554999581,-0.560067343,0.370988911,-0.539579679,0.716060337,-1.039812253,-1.267341261,-0.929047312,PF
Kristaps Porziņģis,NYK,18.1,2,0,0,-0.68111447,-0.26679378,-0.46062787,0.959373231,0.009202676,0.659692362,-0.261578194,-1.267341261,-0.929047312,PF
Kristaps Porziņģis,NYK,22.7,3,0,0,0.04533567,0.021412021,-0.609787079,0.905883747,-0.127992913,1.918577134,0.051575749,-1.267341261,-0.929047312,PF
Kristaps Porziņģis,DAL,20.4,4,0,0,0.77178581,0.597823623,-0.311468661,0.825649522,0.107199525,1.167004136,0.749195921,-1.267341261,-0.929047312,C
Kristaps Porziņģis,DAL,20.1,5,0,0,1.49823595,0.886029424,-0.410908134,0.705298183,0.71477999,1.073057511,0.144591772,-1.267341261,-0.929047312,C
LaMelo Ball,CHO,15.7,1,1,0,-1.40756461,0.886029424,1.826480005,0.424478395,-0.127992913,0.997900211,0.473248386,-0.412711333,-0.929047312,PG
LaMelo Ball,CHO,20.1,2,1,0,-0.68111447,1.174235226,2.572276051,0.892511376,0.165997635,1.392476035,0.944529569,-0.412711333,-0.929047312,PG
LaMelo Ball,CHO,23.3,3,1,0,0.04533567,1.462441027,2.970033942,1.280310132,-0.088794173,1.730683885,1.239080308,-0.412711333,-0.929047312,PG
LaMelo Ball,CHO,23.9,4,1,0,0.77178581,1.750646828,2.771154996,0.892511376,0.303193223,2.538624858,0.104284829,-0.412711333,-0.929047312,PG
LaMelo Ball,CHO,25.2,5,1,0,1.49823595,2.038852629,2.472836578,0.852394263,-0.186791022,2.839254057,0.231406727,-0.412711333,-0.929047312,PG
Lauri Markkanen,CHI,15.2,1,1,0,-1.40756461,0.021412021,-0.609787079,0.544829733,0.126798895,0.208748563,0.364729693,-0.412711333,-0.929047312,PF
Lauri Markkanen,CHI,18.7,2,1,0,-0.68111447,0.309617822,-0.510347606,0.892511376,0.146398265,0.810006961,0.566264409,-0.412711333,-0.929047312,PF
Lauri Markkanen,CHI,14.7,3,1,0,0.04533567,0.597823623,-0.46062787,0.558202104,0.283593854,0.058433963,0.925926364,-0.412711333,-0.929047312,PF
Lauri Markkanen,CHI,13.6,4,1,0,0.77178581,0.886029424,-0.758946288,0.023307268,1.439956674,-0.110669962,0.653079364,-0.412711333,-0.929047312,PF
Lauri Markkanen,CLE,14.8,5,1,0,1.49823595,1.174235226,-0.560067343,0.691925813,0.71477999,-0.242195236,-0.199567513,-0.412711333,-0.929047312,SF
Lonzo Ball,LAL,10.2,1,0,1,-1.40756461,0.021412021,2.373397105,1.146586423,-1.989933047,-0.63677106,1.062349864,-1.267341261,-0.099804817,PG
Lonzo Ball,LAL,9.9,2,0,1,-0.68111447,0.309617822,1.47844185,0.625063958,-1.147160144,-0.730717685,1.89949407,-1.267341261,-0.099804817,PG
Lonzo Ball,NOP,11.8,3,0,1,0.04533567,0.597823623,2.273957632,0.865766634,-0.559179049,-0.430088486,1.989409559,-1.267341261,-0.099804817,PG
Lonzo Ball,NOP,14.6,4,0,1,0.77178581,0.886029424,1.627601059,0.825649522,0.107199525,-0.054301987,0.950730637,-1.267341261,-0.099804817,PG
Lonzo Ball,CHI,13,5,0,1,1.49823595,1.174235226,1.329282641,1.200075907,0.577584401,-0.63677106,0.398835568,-1.267341261,-0.099804817,PG
Luka Dončić,DAL,21.2,1,1,0,-1.40756461,0.309617822,1.776760268,0.879139005,-0.010396694,1.824630509,0.659280432,-0.412711333,-0.929047312,SG
Luka Dončić,DAL,28.8,2,1,0,-0.68111447,0.597823623,3.168912887,1.066352198,0.773578099,3.008357982,0.749195921,-0.412711333,-0.929047312,PG
Luka Dončić,DAL,27.7,3,1,0,0.04533567,0.886029424,3.069473415,1.159958794,0.812776839,2.858043382,0.144591772,-0.412711333,-0.929047312,PG
Luka Dončić,DAL,28.4,4,1,0,0.77178581,1.174235226,3.119193151,1.307054874,0.499186922,3.121093932,-0.56853107,-0.412711333,-0.929047312,PG
Luka Dončić,DAL,32.4,5,1,0,1.49823595,1.462441027,2.771154996,1.414033841,1.243962975,3.158672582,-0.081747217,-0.412711333,-0.929047312,PG
Luke Kennard,DET,7.6,1,1,4,-1.40756461,0.021412021,-0.361188397,-0.752290245,0.283593854,-0.67434971,-0.224371785,-0.412711333,2.387922666,SG
Luke Kennard,DET,9.7,2,1,4,-0.68111447,0.309617822,-0.311468661,-0.377863859,0.283593854,-0.505245786,0.125988567,-0.412711333,2.387922666,SG
Luke Kennard,DET,15.8,3,1,4,0.04533567,0.597823623,0.832085277,0.972745602,0.851975579,-0.185827261,0.119787499,-0.412711333,2.387922666,SG
Luke Kennard,LAC,8.3,4,1,4,0.77178581,0.886029424,-0.361188397,-0.805779728,1.224363605,-0.693139035,0.048475215,-0.412711333,2.387922666,SG
Luke Kennard,LAC,11.9,5,1,4,1.49823595,1.174235226,-0.162309452,0.237265202,1.439956674,-0.74950701,0.321322216,-0.412711333,2.387922666,SG
Malik Monk,CHO,6.7,1,4,2,-1.40756461,0.021412021,-0.510347606,-1.608121982,-1.343153843,0.772428312,0.367830227,2.151178454,0.729437677,SG
Malik Monk,CHO,8.9,2,4,2,-0.68111447,0.309617822,-0.410908134,-1.12671663,-0.539579679,0.716060337,0.529058,2.151178454,0.729437677,SG
Malik Monk,CHO,10.3,3,4,2,0.04533567,0.597823623,-0.162309452,-0.578449423,-0.304387241,0.396641812,-0.382499024,2.151178454,0.729437677,SG
Malik Monk,CHO,11.7,4,4,2,0.77178581,0.886029424,-0.162309452,-0.631938907,0.459988182,0.565745737,0.473248386,2.151178454,0.729437677,SG
Malik Monk,LAL,13.8,5,4,2,1.49823595,1.174235226,0.23544844,0.330871798,1.008770537,-0.129459287,0.929026898,2.151178454,0.729437677,SG
Marcus Smart,BOS,7.8,1,2,1,-1.40756461,-0.843205383,0.334887912,0.183775718,-1.068762665,-1.068925535,-0.236773922,0.441918596,-0.099804817,PG
Marcus Smart,BOS,9.1,2,2,1,-0.68111447,-0.554999581,0.285168176,0.223892831,-1.61754502,-0.63677106,0.606571352,0.441918596,-0.099804817,PG
Marcus Smart,BOS,10.6,3,2,1,0.04533567,-0.26679378,1.080683959,0.638436329,-1.166759514,-0.373720511,-0.081747217,0.441918596,-0.099804817,SG
Marcus Smart,BOS,10.2,4,2,1,0.77178581,0.021412021,1.180123431,0.571574474,-1.303955103,-0.260984561,-0.224371785,0.441918596,-0.099804817,SG
Marcus Smart,BOS,8.9,5,2,1,1.49823595,0.309617822,0.78236554,0.250637573,0.440388812,-1.162872159,0.916624762,0.441918596,-0.099804817,SG
Mario Hezonja,ORL,6.1,1,1,2,-1.40756461,-0.554999581,-0.510347606,-1.033110034,-0.088794173,-0.730717685,-0.246075524,-0.412711333,0.729437677,SF
Mario Hezonja,ORL,4.9,2,1,2,-0.68111447,-0.26679378,-0.709226552,-1.447653532,-1.872336828,-0.373720511,-0.177863774,-0.412711333,0.729437677,SF
Mario Hezonja,ORL,9.6,3,1,2,0.04533567,0.021412021,-0.510347606,-0.471470456,-0.029996064,-0.167037936,0.343025954,-0.412711333,0.729437677,SF
Mario Hezonja,NYK,8.8,4,1,2,0.77178581,0.309617822,-0.46062787,-0.645311277,-0.951166446,0.096012613,0.832910341,-0.412711333,0.729437677,SF
Mario Hezonja,POR,4.8,5,1,2,1.49823595,0.597823623,-0.758946288,-1.233695597,-0.402384091,-1.294397434,1.146064285,-0.412711333,0.729437677,PF
Markelle Fultz,PHI,8.2,1,3,3,-1.40756461,0.309617822,0.334887912,-0.417980972,-1.833138088,-0.279773886,1.586340127,1.296548525,1.558680172,SG
Markelle Fultz,ORL,12.1,2,3,3,-0.68111447,0.597823623,1.329282641,0.277382315,-0.559179049,0.114801938,0.470147852,1.296548525,1.558680172,PG
Markelle Fultz,ORL,10.8,3,3,3,0.04533567,1.174235226,1.528161586,-0.752290245,-0.559179049,1.260950761,0.693386307,1.296548525,1.558680172,PG
Marquese Chriss,PHO,9.2,1,1,1,-1.40756461,-0.26679378,-0.858385761,-0.578449423,-0.323986611,-0.204616586,1.046847194,-0.412711333,-0.099804817,PF
Marquese Chriss,PHO,7.7,2,1,1,-0.68111447,0.021412021,-0.609787079,-0.591821794,-0.715974008,-0.505245786,1.136762683,-0.412711333,-0.099804817,PF
Marquese Chriss,CLE,5.7,3,1,1,0.04533567,0.309617822,-0.908105498,-1.474398273,-1.480349431,-0.016723337,-0.032138671,-0.412711333,-0.099804817,PF
Marquese Chriss,HOU,1.8,3,1,1,0.04533567,0.309617822,-1.00754497,-2.557560316,-3.028699648,-0.054301987,0.284115806,-0.412711333,-0.099804817,PF
Marquese Chriss,GSW,9.3,4,1,1,0.77178581,0.597823623,-0.261748924,-0.712173132,1.145966126,-0.336141861,1.105757342,-0.412711333,-0.099804817,PF
Marvin Bagley III,SAC,14.9,1,1,1,-1.40756461,0.309617822,-0.709226552,-0.043554587,0.322792593,0.640903037,1.986309025,-0.412711333,-0.099804817,PF
Marvin Bagley III,SAC,14.1,2,1,1,-0.68111447,0.886029424,-0.709226552,0.036679638,0.165997635,0.509377762,1.003439717,-0.412711333,-0.099804817,PF
Marvin Bagley III,DET,14.6,3,1,1,0.04533567,1.174235226,-0.659506816,0.21052046,0.773578099,0.077223288,0.414338238,-0.412711333,-0.099804817,PF
Marvin Bagley III,SAC,9.3,3,1,1,0.04533567,1.174235226,-0.908105498,-0.498215198,-0.657175898,-0.373720511,0.814307137,-0.412711333,-0.099804817,PF
Marvin Bagley III,DET,12,4,1,1,0.77178581,1.462441027,-0.758946288,-0.270884892,0.812776839,-0.073091312,0.746095387,-0.412711333,-0.099804817,C
Michael Porter Jr.,DEN,9.3,1,3,1,-1.40756461,0.597823623,-0.808666025,-1.233695597,1.400757934,0.283905863,0.051575749,1.296548525,-0.099804817,SF
Michael Porter Jr.,DEN,19,2,3,1,-0.68111447,0.886029424,-0.659506816,0.758787667,2.302328946,0.171169913,0.08258109,1.296548525,-0.099804817,SF
Michael Porter Jr.,DEN,17.4,3,3,1,0.04533567,1.462441027,-0.709226552,0.451223136,1.479155413,0.359063162,0.3926345,1.296548525,-0.099804817,SF
Michael Porter Jr.,DEN,16.7,4,3,1,0.77178581,1.750646828,-0.46062787,0.812277151,1.087168017,-0.016723337,-0.013535467,1.296548525,-0.099804817,SF
Mikal Bridges,PHO,8.3,1,3,1,-1.40756461,0.309617822,-0.162309452,0.518084991,0.205196374,-1.613815958,1.139863217,1.296548525,-0.099804817,SF
Mikal Bridges,PHO,9.1,2,3,1,-0.68111447,0.597823623,-0.311468661,0.317499427,1.459556043,-1.519869334,1.322794728,1.296548525,-0.099804817,SF
Mikal Bridges,PHO,13.5,3,3,1,0.04533567,0.886029424,-0.162309452,0.932628489,2.380726426,-1.106504184,0.163194977,1.296548525,-0.099804817,SF
Mikal Bridges,PHO,14.2,4,3,1,0.77178581,1.174235226,-0.062869979,1.226820649,1.596751632,-1.08771486,0.863915682,1.296548525,-0.099804817,SF
Mikal Bridges,BRK,26.1,5,3,1,1.49823595,1.462441027,0.136008967,1.146586423,1.204764236,1.787051859,0.401936102,1.296548525,-0.099804817,SG
Mikal Bridges,PHO,17.2,5,3,1,1.49823595,1.462441027,0.583486594,1.440778583,0.557985031,-0.298563211,0.420539307,1.296548525,-0.099804817,SF
Miles Bridges,CHO,7.5,1,1,0,-1.40756461,0.309617822,-0.609787079,-0.591821794,0.048401416,-1.068925535,0.529058,-0.412711333,-0.929047312,SF
Miles Bridges,CHO,13,2,1,0,-0.68111447,0.597823623,-0.311468661,0.678553442,-0.50038094,-0.148248612,-0.382499024,-0.412711333,-0.929047312,SF
Miles Bridges,CHO,12.7,3,1,0,0.04533567,0.886029424,-0.112589715,0.491340249,1.557552893,-0.655560385,0.473248386,-0.412711333,-0.929047312,PF
Miles Bridges,CHO,20.2,4,1,0,0.77178581,1.174235226,0.682926067,1.320427245,0.930373058,0.340273837,0.944529569,-0.412711333,-0.929047312,PF
Miles Bridges,CHO,21,5,1,0,1.49823595,1.750646828,0.434327385,1.574502292,0.205196374,0.734849662,0.104284829,-0.412711333,-0.929047312,SF
Mo Bamba,ORL,6.2,1,2,2,-1.40756461,0.309617822,-0.808666025,-1.247067968,-0.127992913,-0.561613761,0.364729693,0.441918596,0.729437677,C
Mo Bamba,ORL,5.4,2,2,2,-0.68111447,0.597823623,-0.858385761,-1.527887757,-0.069194803,-0.693139035,0.470147852,0.441918596,0.729437677,C
Mo Bamba,ORL,8,3,2,2,0.04533567,0.886029424,-0.808666025,-1.313929823,0.205196374,0.189959238,0.525957466,0.441918596,0.729437677,C
Mo Bamba,ORL,10.6,4,2,2,0.77178581,1.174235226,-0.609787079,0.009934897,0.71477999,-0.67434971,0.693386307,0.441918596,0.729437677,C
Mo Bamba,ORL,7.3,5,2,2,1.49823595,1.462441027,-0.659506816,-1.153461372,1.322360455,-0.843453635,0.677883637,0.441918596,0.729437677,C
Myles Turner,IND,10.3,1,2,0,-1.40756461,-0.554999581,-0.858385761,-0.377863859,-0.284787872,0.020855313,-0.03833974,0.441918596,-0.929047312,C
Myles Turner,IND,14.5,2,2,0,-0.68111447,-0.26679378,-0.560067343,0.772160038,0.773578099,-0.242195236,-0.273980331,0.441918596,-0.929047312,C
Myles Turner,IND,12.7,3,2,0,0.04533567,0.021412021,-0.560067343,0.344244169,0.420789442,-0.148248612,-0.196466978,0.441918596,-0.929047312,C
Myles Turner,IND,13.3,4,2,0,0.77178581,0.309617822,-0.410908134,0.397733653,0.420789442,-0.148248612,0.361629159,0.441918596,-0.929047312,C
Myles Turner,IND,12.1,5,2,0,1.49823595,0.597823623,-0.609787079,0.518084991,0.401190073,-0.542824436,0.600370284,0.441918596,-0.929047312,C
Obi Toppin,NYK,4.1,1,1,2,-1.40756461,0.886029424,-0.957825234,-1.955803626,0.557985031,-0.918610935,-0.357694751,-0.412711333,0.729437677,PF
Obi Toppin,NYK,9,2,1,2,-0.68111447,1.174235226,-0.659506816,-1.140089001,1.341959824,0.002065988,-0.32668941,-0.412711333,0.729437677,PF
Obi Toppin,NYK,7.4,3,1,2,0.04533567,1.462441027,-0.709226552,-1.327302193,0.381590703,-0.242195236,0.085681624,-0.412711333,0.729437677,PF
Obi Toppin,IND,10.3,4,1,2,0.77178581,1.750646828,-0.410908134,-0.605194165,2.576720124,-0.74950701,1.45301716,-0.412711333,0.729437677,PF
Obi Toppin,IND,10.5,5,1,2,1.49823595,2.038852629,-0.410908134,-0.805779728,1.89074218,-0.129459287,1.018942387,-0.412711333,0.729437677,PF
Onyeka Okongwu,ATL,4.6,1,1,1,-1.40756461,0.886029424,-1.00754497,-1.822079917,2.145533988,-1.144082834,0.374031295,-0.412711333,-0.099804817,C
Onyeka Okongwu,ATL,8.2,2,1,1,-0.68111447,1.174235226,-0.659506816,-0.658683648,3.301896808,-1.275608109,0.370930761,-0.412711333,-0.099804817,C
Onyeka Okongwu,ATL,9.9,3,1,1,0.04533567,1.462441027,-0.709226552,-0.337746747,2.596319494,-1.068925535,1.266985115,-0.412711333,-0.099804817,C
Onyeka Okongwu,ATL,10.2,4,1,1,0.77178581,1.750646828,-0.560067343,-0.016809845,2.517922014,-1.331976084,1.04374666,-0.412711333,-0.099804817,C
Onyeka Okongwu,ATL,13.4,5,1,1,1.49823595,2.038852629,-0.062869979,0.304127056,1.733947221,-0.655560385,1.840583922,-0.412711333,-0.099804817,C
P.J. Washington,CHO,12.2,1,0,1,-1.40756461,0.597823623,-0.162309452,0.625063958,0.028802046,-0.411299161,-0.382499024,-1.267341261,-0.099804817,PF
P.J. Washington,CHO,12.9,2,0,1,-0.68111447,0.886029424,0.036569494,0.6518087,0.068000785,-0.260984561,0.473248386,-1.267341261,-0.099804817,PF
P.J. Washington,CHO,10.3,3,0,1,0.04533567,1.174235226,-0.062869979,0.21052046,0.832376209,-0.97497891,0.944529569,-1.267341261,-0.099804817,C
P.J. Washington,CHO,15.7,4,0,1,0.77178581,1.462441027,-0.013150242,0.932628489,-0.069194803,-0.035512662,1.239080308,-1.267341261,-0.099804817,PF
P.J. Washington,CHO,13.6,5,0,1,1.49823595,1.750646828,-0.112589715,0.477967878,-0.010396694,0.077223288,0.104284829,-1.267341261,-0.099804817,PF
P.J. Washington,DAL,11.7,5,0,1,1.49823595,1.750646828,-0.46062787,0.879139005,-0.4611822,-0.843453635,0.969333842,-1.267341261,-0.099804817,PF
Patrick Williams,CHI,9.2,1,2,1,-1.40756461,0.886029424,-0.510347606,0.304127056,0.322792593,-1.106504184,0.653079364,0.441918596,-0.099804817,PF
Patrick Williams,CHI,9,2,2,1,-0.68111447,1.174235226,-0.758946288,-0.110416441,1.792745331,-1.238029459,0.398835568,0.441918596,-0.099804817,PF
Patrick Williams,CHI,10.2,3,2,1,0.04533567,1.462441027,-0.609787079,0.35761654,0.597183771,-0.956189585,0.529058,0.441918596,-0.099804817,PF
Patrick Williams,CHI,10,4,2,1,0.77178581,1.750646828,-0.46062787,0.223892831,0.146398265,-0.78708566,-0.165461638,0.441918596,-0.099804817,PF
Patrick Williams,CHI,9,5,2,1,1.49823595,2.038852629,-0.212029188,-0.0836717,-0.657175898,-0.730717685,1.902594604,0.441918596,-0.099804817,PF
RJ Barrett,NYK,14.3,1,0,0,-1.40756461,0.597823623,0.08628923,0.638436329,-1.303955103,0.603324387,0.507354261,-1.267341261,-0.929047312,SG
RJ Barrett,NYK,17.6,2,0,0,-0.68111447,0.886029424,0.285168176,1.24019302,-0.206390392,0.490588437,-0.357694751,-1.267341261,-0.929047312,SG
RJ Barrett,NYK,20,3,0,0,0.04533567,1.174235226,0.285168176,1.186703536,-0.676775268,1.279740086,-0.32668941,-1.267341261,-0.929047312,SF
RJ Barrett,NYK,19.6,4,0,0,0.77178581,1.462441027,0.185728703,1.106469311,-0.284787872,1.016689536,0.085681624,-1.267341261,-0.929047312,SG
Romeo Langford,BOS,2.5,1,4,2,-1.40756461,0.597823623,-1.00754497,-1.8755694,-2.185926745,-1.688973258,0.758497523,2.151178454,0.729437677,SG
Romeo Langford,BOS,3.1,2,4,2,-0.68111447,0.886029424,-0.858385761,-1.327302193,-2.146728006,-1.782919883,0.454645182,2.151178454,0.729437677,SG
Romeo Langford,BOS,4.7,3,4,2,0.04533567,1.174235226,-1.00754497,-1.220323226,-0.50038094,-1.463501359,-0.066244546,2.151178454,0.729437677,SG
Romeo Langford,SAS,6.9,4,4,2,0.77178581,1.462441027,-0.609787079,-0.805779728,-0.42198346,-1.01255756,1.425112354,2.151178454,0.729437677,SG
Rui Hachimura,WAS,13.5,1,1,0,-1.40756461,0.597823623,-0.311468661,0.598319216,-0.206390392,-0.336141861,1.83128232,-0.412711333,-0.929047312,PF
Rui Hachimura,WAS,13.8,2,1,0,-0.68111447,0.886029424,-0.510347606,0.785532409,0.068000785,-0.505245786,2.231251219,-0.412711333,-0.929047312,PF
Rui Hachimura,WAS,11.3,3,1,0,0.04533567,1.174235226,-0.659506816,-0.417980972,0.65598188,0.020855313,0.101184295,-0.412711333,-0.929047312,PF
Rui Hachimura,LAL,9.6,4,1,0,0.77178581,1.462441027,-0.858385761,-0.431353343,0.146398265,-0.63677106,1.378604342,-0.412711333,-0.929047312,PF
Rui Hachimura,WAS,13,4,1,0,0.77178581,1.462441027,-0.609787079,-0.177278296,0.244395114,0.415431137,0.522856932,-0.412711333,-0.929047312,PF
Rui Hachimura,LAL,13.6,5,1,0,1.49823595,1.750646828,-0.609787079,0.170403347,1.616351002,-0.430088486,1.211175501,-0.412711333,-0.929047312,PF
Stanley Johnson,DET,8.1,1,1,2,-1.40756461,-0.554999581,-0.410908134,-0.337746747,-1.67634313,-0.223405911,-0.534425195,-0.412711333,0.729437677,SF
Stanley Johnson,DET,4.4,2,1,2,-0.68111447,-0.26679378,-0.510347606,-1.046482405,-2.146728006,-1.125293509,-0.605737479,-0.412711333,0.729437677,SF
Stanley Johnson,DET,8.7,3,1,2,0.04533567,0.021412021,-0.410908134,0.237265202,-1.284355733,-0.82466431,-0.224371785,-0.412711333,0.729437677,SF
Stanley Johnson,DET,7.5,4,1,2,0.77178581,0.309617822,-0.560067343,-0.752290245,-1.245156993,-0.317352536,0.125988567,-0.412711333,0.729437677,SF
Stanley Johnson,NOP,5.3,4,1,2,0.77178581,0.309617822,-0.410908134,-1.594749611,-0.970765816,-0.073091312,1.989409559,-0.412711333,0.729437677,SF
Stanley Johnson,TOR,2.4,5,1,2,1.49823595,0.597823623,-0.808666025,-2.624422171,-1.793939349,0.434220462,1.152265353,-0.412711333,0.729437677,PF
T.J. Warren,PHO,6.1,1,1,1,-1.40756461,-0.843205383,-0.908105498,-1.367419306,0.107199525,-0.561613761,-0.084847751,-0.412711333,-0.099804817,SF
T.J. Warren,PHO,11,2,1,1,-0.68111447,-0.554999581,-0.758946288,-0.377863859,0.068000785,-0.167037936,0.594169216,-0.412711333,-0.099804817,SF
T.J. Warren,PHO,14.4,3,1,1,0.04533567,-0.26679378,-0.659506816,0.718670554,-0.127992913,-0.298563211,1.046847194,-0.412711333,-0.099804817,SF
T.J. Warren,PHO,19.6,4,1,1,0.77178581,0.021412021,-0.560067343,0.986117972,-0.088794173,0.772428312,1.136762683,-0.412711333,-0.099804817,SF
T.J. Warren,PHO,18,5,1,1,1.49823595,0.309617822,-0.46062787,0.79890478,0.67558125,0.359063162,1.139863217,-0.412711333,-0.099804817,SF
Taurean Prince,ATL,5.7,1,3,0,-1.40756461,-0.26679378,-0.758946288,-1.206950855,-0.637576529,-0.67434971,0.088782158,1.296548525,-0.929047312,SF
Taurean Prince,ATL,14.1,2,3,0,-0.68111447,0.021412021,0.08628923,0.584946845,0.068000785,0.246327213,0.398835568,1.296548525,-0.929047312,SF
Taurean Prince,ATL,13.5,3,3,0,0.04533567,0.309617822,-0.162309452,0.344244169,0.577584401,-0.242195236,2.197145343,1.296548525,-0.929047312,SF
Taurean Prince,BRK,12.1,4,3,0,0.77178581,0.597823623,-0.311468661,0.451223136,-0.951166446,-0.073091312,1.310392592,1.296548525,-0.929047312,PF
Thon Maker,MIL,4,1,3,3,-1.40756461,-0.26679378,-1.00754497,-2.102899706,0.244395114,-0.561613761,-0.770065786,1.296548525,1.558680172,C
Thon Maker,MIL,4.8,2,3,3,-0.68111447,0.021412021,-0.908105498,-1.193578484,-0.911967706,-1.162872159,-0.137556831,1.296548525,1.558680172,C
Thon Maker,DET,5.5,3,3,3,0.04533567,0.309617822,-0.758946288,-0.83252447,-0.617977159,-1.331976084,0.125988567,1.296548525,1.558680172,PF
Thon Maker,MIL,4.7,3,3,3,0.04533567,0.309617822,-0.957825234,-1.862197029,0.009202676,-0.843453635,1.890192468,1.296548525,1.558680172,C
Thon Maker,DET,4.7,4,3,3,0.77178581,0.597823623,-0.858385761,-1.701728579,0.71477999,-0.881032285,0.119787499,1.296548525,1.558680172,C
Trae Young,ATL,19.1,1,0,0,-1.40756461,0.309617822,2.820874733,0.705298183,-0.127992913,1.430054685,2.197145343,-1.267341261,-0.929047312,PG
Trae Young,ATL,29.6,2,0,0,-0.68111447,0.597823623,3.417511569,1.293682503,0.969571798,2.651360808,1.800276979,-1.267341261,-0.929047312,PG
Trae Young,ATL,25.3,3,0,0,0.04533567,0.886029424,3.467231306,1.079724569,0.851975579,2.294363633,0.374031295,-1.267341261,-0.929047312,PG
Trae Young,ATL,28.4,4,0,0,0.77178581,1.174235226,3.616390515,1.24019302,1.126366756,2.557414183,0.370930761,-1.267341261,-0.929047312,PG
Trae Young,ATL,26.2,5,0,0,1.49823595,1.462441027,3.864989197,1.226820649,0.538385661,2.219206334,1.266985115,-1.267341261,-0.929047312,PG
Trey Lyles,UTA,6.1,1,2,2,-1.40756461,-0.554999581,-0.858385761,-1.113344259,-0.559179049,-0.542824436,-1.80254364,0.441918596,0.729437677,PF
Trey Lyles,UTA,6.2,2,2,2,-0.68111447,-0.26679378,-0.709226552,-1.247067968,-1.59794565,0.171169913,-1.669220674,0.441918596,0.729437677,PF
Trey Lyles,DEN,9.9,3,2,2,0.04533567,0.021412021,-0.609787079,-0.872641583,0.891174318,0.058433963,0.06707842,0.441918596,0.729437677,PF
Trey Lyles,DEN,8.5,4,2,2,0.77178581,0.309617822,-0.510347606,-1.086599517,-0.892368336,0.490588437,0.315121147,0.441918596,0.729437677,PF
Trey Lyles,SAS,6.4,5,2,2,1.49823595,0.597823623,-0.659506816,-0.725545503,0.224795744,-1.350765409,1.136762683,0.441918596,0.729437677,PF
Tyler Herro,MIA,13.5,1,2,1,-1.40756461,0.597823623,-0.112589715,0.237265202,0.087600155,0.283905863,0.380232363,0.441918596,-0.099804817,SG
Tyler Herro,MIA,15.1,2,2,1,-0.68111447,0.886029424,0.484047122,0.625063958,-0.049595434,0.509377762,-0.118953626,0.441918596,-0.099804817,SG
Tyler Herro,MIA,20.7,3,2,1,0.04533567,1.174235226,0.78236554,0.932628489,0.303193223,1.505211985,-0.292583535,0.441918596,-0.099804817,SG
Tyler Herro,MIA,20.1,4,2,1,0.77178581,1.462441027,0.881805013,1.24019302,0.401190073,0.903953586,-0.221271251,0.441918596,-0.099804817,SG
Tyler Herro,MIA,20.8,5,2,1,1.49823595,1.750646828,1.030964222,1.052979827,0.244395114,1.317318735,-0.184064842,0.441918596,-0.099804817,SG
Wendell Carter Jr.,CHI,10.3,1,1,0,-1.40756461,0.309617822,-0.311468661,-0.056926958,-0.088794173,-0.317352536,0.566264409,-0.412711333,-0.929047312,C
Wendell Carter Jr.,CHI,11.3,2,1,0,-0.68111447,0.597823623,-0.609787079,0.477967878,0.871574948,-0.82466431,0.925926364,-0.412711333,-0.929047312,C
Wendell Carter Jr.,CHI,10.9,3,1,0,0.04533567,0.886029424,-0.112589715,-0.110416441,0.636382511,-0.317352536,0.653079364,-0.412711333,-0.929047312,C
Wendell Carter Jr.,ORL,11.7,3,1,0,0.04533567,0.886029424,-0.410908134,0.116913864,0.068000785,-0.242195236,0.525957466,-0.412711333,-0.929047312,C
Wendell Carter Jr.,ORL,15,4,1,0,0.77178581,1.174235226,0.185728703,0.571574474,1.087168017,0.020855313,0.693386307,-0.412711333,-0.929047312,PF
Wendell Carter Jr.,ORL,15.2,5,1,0,1.49823595,1.462441027,-0.062869979,0.531457362,1.479155413,-0.054301987,0.677883637,-0.412711333,-0.929047312,C
Willie Cauley-Stein,SAC,7,1,2,3,-1.40756461,-0.554999581,-0.908105498,-0.565077052,0.832376209,-1.425922709,0.987937046,0.441918596,1.558680172,C
Willie Cauley-Stein,SAC,8.1,2,2,3,-0.68111447,-0.26679378,-0.659506816,-0.899386325,0.244395114,-0.204616586,-0.63674282,0.441918596,1.558680172,C
Willie Cauley-Stein,SAC,12.8,3,2,3,0.04533567,0.021412021,-0.013150242,0.317499427,-0.323986611,0.189959238,-0.611938547,0.441918596,1.558680172,C
Willie Cauley-Stein,SAC,11.9,4,2,3,0.77178581,0.309617822,-0.013150242,0.223892831,0.401190073,-0.617981736,1.986309025,0.441918596,1.558680172,C
Willie Cauley-Stein,GSW,7.9,5,2,3,1.49823595,0.597823623,-0.46062787,-0.364491489,0.538385661,-1.200450809,1.105757342,0.441918596,1.558680172,C
Zach Collins,POR,4.4,1,2,3,-1.40756461,0.021412021,-0.808666025,-1.313929823,-1.382352582,-1.01255756,-0.112752558,0.441918596,1.558680172,C
Zach Collins,POR,6.6,2,2,3,-0.68111447,0.309617822,-0.758946288,-1.073227146,0.322792593,-0.78708566,0.770899659,0.441918596,1.558680172,C
Zach Collins,SAS,7.8,3,2,3,0.04533567,1.174235226,-0.112589715,-1.033110034,0.949972428,-0.298563211,0.941429035,0.441918596,1.558680172,C
Zach Collins,SAS,11.6,4,2,3,0.77178581,1.462441027,0.23544844,-0.364491489,1.047969277,0.077223288,1.425112354,0.441918596,1.558680172,C
Zach LaVine,MIN,10.1,1,2,0,-1.40756461,-0.843205383,0.583486594,-0.123788812,-0.598377789,0.227537888,-0.627441218,0.441918596,-0.929047312,PG
Zach LaVine,MIN,14,2,2,0,-0.68111447,-0.554999581,0.334887912,0.317499427,0.048401416,0.509377762,-0.394901161,0.441918596,-0.929047312,SG
Zach LaVine,MIN,18.9,3,2,0,0.04533567,-0.26679378,0.285168176,1.54775755,0.597183771,0.171169913,-0.618139615,0.441918596,-0.929047312,SG
Zach LaVine,CHI,16.7,4,2,0,0.77178581,0.021412021,0.285168176,0.223892831,-0.911967706,1.63673726,0.364729693,0.441918596,-0.929047312,SG
Zach LaVine,CHI,23.7,5,2,0,1.49823595,0.309617822,1.030964222,1.186703536,0.557985031,1.824630509,0.566264409,0.441918596,-0.929047312,SG
Zion Williamson,NOP,22.5,1,1,0,-1.40756461,0.597823623,-0.162309452,0.290754686,1.381158564,1.824630509,1.989409559,-0.412711333,-0.929047312,PF
Zion Williamson,NOP,27,2,1,0,-0.68111447,0.886029424,0.633206331,1.012862714,2.027937769,1.693105235,0.950730637,-0.412711333,-0.929047312,PF
Zion Williamson,NOP,26,3,1,0,0.04533567,1.462441027,1.080683959,0.986117972,2.086735878,1.805841184,0.653079364,-0.412711333,-0.929047312,PF
Zion Williamson,NOP,22.9,4,1,0,0.77178581,1.750646828,1.279562904,0.785532409,1.263562345,1.67431591,0.380232363,-0.412711333,-0.929047312,PF
Zion Williamson,NOP,24.6,5,1,0,1.49823595,2.038852629,1.428722113,0.397733653,1.067568647,2.613782158,0.711989512,-0.412711333,-0.929047312,PF